Timestamp,Green,Blue,Control,Temp(C),Humidity(%),Green_Harvestability,Blue_Harvestability,Control_Harvestability,Green_Length,Blue_Length,Control_Length
2026-03-05 02:38:27,3479.0,3491.0,3595.0,26.0,60,0.45045045045045046,0.0,1.7943743937924563,0.014925373134328358,0.03367003367003367,0.02178649237472767
2026-03-05 02:53:30,3478.0,3491.0,3577.0,26.0,60,0.0,0.0,0.0,0.029850746268656716,0.06734006734006734,0.04357298474945534
2026-03-05 03:08:33,3477.0,3493.0,3578.0,26.0,60,0.0,0.0,0.0,0.04477611940298507,0.10101010101010101,0.06535947712418301
2026-03-05 03:23:34,3475.0,3494.0,3587.0,26.0,60,0.0,0.0,0.0,0.05970149253731343,0.13468013468013468,0.08714596949891068
2026-03-05 03:38:37,3475.0,3492.0,3581.0,26.0,61,0.0,0.0,0.0,0.07462686567164178,0.16835016835016836,0.10893246187363835
2026-03-05 03:53:39,3476.0,3484.0,3591.0,25.9,61,0.0,0.0,0.824442289039789,0.08955223880597014,0.20202020202020202,0.13071895424836602
2026-03-05 04:08:39,3484.0,3497.0,3591.0,25.9,61,2.7027027027027026,0.5732358173552264,0.824442289039789,0.1044776119402985,0.23569023569023567,0.15250544662309368
2026-03-05 04:23:43,3482.0,3499.0,3593.0,25.9,61,1.8018018018018018,0.9685708638070942,1.3094083414161226,0.11940298507462686,0.26936026936026936,0.17429193899782136
2026-03-05 04:38:44,3475.0,3501.0,3590.0,25.8,61,0.0,1.3639059102589621,0.5819592628516222,0.13432835820895522,0.30303030303030304,0.19607843137254904
2026-03-05 04:53:46,3479.0,3499.0,3593.0,25.7,61,0.45045045045045046,0.9685708638070942,1.3094083414161226,0.14925373134328357,0.3367003367003367,0.2178649237472767
2026-03-05 05:08:49,3479.0,3499.0,3589.0,25.5,60,0.45045045045045046,0.9685708638070942,0.33947623666345556,0.16417910447761194,0.37037037037037035,0.23965141612200436
2026-03-05 05:23:51,3480.0,3499.0,3594.0,25.4,60,0.9009009009009009,0.9685708638070942,1.5518913676042894,0.1791044776119403,0.40404040404040403,0.26143790849673204
2026-03-05 05:38:52,3479.0,3503.0,3593.0,25.3,59,0.45045045045045046,1.75924095671083,1.3094083414161226,0.19402985074626866,0.4377104377104377,0.2832244008714597
2026-03-05 05:53:53,3482.0,3497.0,3593.0,25.3,59,1.8018018018018018,0.5732358173552264,1.3094083414161226,0.208955223880597,0.47138047138047134,0.30501089324618735
2026-03-05 06:08:53,3471.0,3491.0,3593.0,25.4,59,0.0,0.0,1.3094083414161226,0.22388059701492538,0.5050505050505051,0.32679738562091504
2026-03-05 06:23:56,3482.0,3509.0,3595.0,25.4,59,1.8018018018018018,2.9452460960664335,1.7943743937924563,0.23880597014925373,0.5387205387205387,0.3485838779956427
2026-03-05 06:38:59,3482.0,3499.0,3594.0,25.4,59,1.8018018018018018,0.9685708638070942,1.5518913676042894,0.2537313432835821,0.5723905723905723,0.3703703703703704
2026-03-05 06:54:01,3480.0,3501.0,3595.0,25.4,59,0.9009009009009009,1.3639059102589621,1.7943743937924563,0.26865671641791045,0.6060606060606061,0.3921568627450981
2026-03-05 07:09:01,3478.0,3499.0,3595.0,25.4,59,0.0,0.9685708638070942,1.7943743937924563,0.2835820895522388,0.6397306397306397,0.4139433551198257
2026-03-05 07:24:02,3481.0,3497.0,3599.0,25.4,59,1.3513513513513513,0.5732358173552264,2.7643064985451233,0.29850746268656714,0.6734006734006734,0.4357298474945534
2026-03-05 07:39:02,3476.0,3497.0,3595.0,25.4,59,0.0,0.5732358173552264,1.7943743937924563,0.31343283582089554,0.7070707070707071,0.4575163398692811
2026-03-05 07:54:03,3480.0,3502.0,3597.0,25.4,60,0.9009009009009009,1.5615734334848963,2.2793404461687894,0.3283582089552239,0.7407407407407407,0.4793028322440087
2026-03-05 08:09:05,3478.0,3503.0,3595.0,25.4,60,0.0,1.75924095671083,1.7943743937924563,0.34328358208955223,0.7744107744107744,0.5010893246187365
2026-03-05 08:24:05,3479.0,3503.0,3595.0,25.4,60,0.45045045045045046,1.75924095671083,1.7943743937924563,0.3582089552238806,0.8080808080808081,0.5228758169934641
2026-03-05 08:39:06,3480.0,3497.0,3597.0,25.4,60,0.9009009009009009,0.5732358173552264,2.2793404461687894,0.3731343283582089,0.8417508417508417,0.5446623093681917
2026-03-05 08:54:07,3480.0,3507.0,3593.0,25.4,60,0.9009009009009009,2.5499110496145656,1.3094083414161226,0.3880597014925373,0.8754208754208754,0.5664488017429194
2026-03-05 09:09:07,3478.0,3494.0,3595.0,25.4,60,0.0,0.0,1.7943743937924563,0.40298507462686567,0.9090909090909091,0.5882352941176471
2026-03-05 09:24:08,3487.0,3495.0,3597.0,25.4,60,4.054054054054054,0.17790077090335854,2.2793404461687894,0.417910447761194,0.9427609427609427,0.6100217864923747
2026-03-05 09:39:08,3483.0,3508.0,3592.0,25.4,60,2.2522522522522523,2.7475785728404998,1.0669253152279559,0.43283582089552236,0.9764309764309764,0.6318082788671024
2026-03-05 09:54:09,3479.0,3503.0,3595.0,25.3,60,0.45045045045045046,1.75924095671083,1.7943743937924563,0.44776119402985076,1.0101010101010102,0.6535947712418301
2026-03-05 10:09:12,3481.0,3499.0,3595.0,25.3,60,1.3513513513513513,0.9685708638070942,1.7943743937924563,0.4626865671641791,1.0437710437710437,0.6753812636165578
2026-03-05 10:24:15,3479.0,3500.0,3593.0,25.3,60,0.45045045045045046,1.1662383870330282,1.3094083414161226,0.47761194029850745,1.0774410774410774,0.6971677559912854
2026-03-05 10:39:17,3482.0,3499.0,3593.0,25.3,60,1.8018018018018018,0.9685708638070942,1.3094083414161226,0.4925373134328358,1.1111111111111112,0.7189542483660131
2026-03-05 10:54:19,3479.0,3498.0,3595.0,25.3,60,0.45045045045045046,0.7709033405811604,1.7943743937924563,0.5074626865671642,1.1447811447811447,0.7407407407407408
2026-03-05 11:09:21,3485.0,3501.0,3596.0,25.3,60,3.153153153153153,1.3639059102589621,2.036857419980623,0.5223880597014925,1.1784511784511784,0.7625272331154684
2026-03-05 11:24:23,3481.0,3509.0,3595.0,25.3,60,1.3513513513513513,2.9452460960664335,1.7943743937924563,0.5373134328358209,1.2121212121212122,0.7843137254901962
2026-03-05 11:39:26,3483.0,3499.0,3595.0,25.3,60,2.2522522522522523,0.9685708638070942,1.7943743937924563,0.5522388059701493,1.2457912457912457,0.8061002178649238
2026-03-05 11:54:27,3480.0,3496.0,3593.0,25.3,60,0.9009009009009009,0.3755682941292925,1.3094083414161226,0.5671641791044776,1.2794612794612794,0.8278867102396514
2026-03-05 12:09:30,3477.0,3495.0,3595.0,25.3,60,0.0,0.17790077090335854,1.7943743937924563,0.582089552238806,1.3131313131313131,0.8496732026143792
2026-03-05 12:24:31,3487.0,3507.0,3597.0,25.3,60,4.054054054054054,2.5499110496145656,2.2793404461687894,0.5970149253731343,1.3468013468013469,0.8714596949891068
2026-03-05 12:39:32,3481.0,3503.0,3599.0,25.3,60,1.3513513513513513,1.75924095671083,2.7643064985451233,0.6119402985074627,1.3804713804713804,0.8932461873638344
2026-03-05 12:54:34,3480.0,3499.0,3596.0,25.3,60,0.9009009009009009,0.9685708638070942,2.036857419980623,0.6268656716417911,1.4141414141414141,0.9150326797385622
2026-03-05 13:09:36,3484.0,3500.0,3595.0,25.4,60,2.7027027027027026,1.1662383870330282,1.7943743937924563,0.6417910447761194,1.4478114478114479,0.9368191721132898
2026-03-05 13:24:39,3484.0,3503.0,3599.0,25.4,60,2.7027027027027026,1.75924095671083,2.7643064985451233,0.6567164179104478,1.4814814814814814,0.9586056644880174
2026-03-05 13:39:39,3483.0,3503.0,3601.0,25.4,60,2.2522522522522523,1.75924095671083,3.249272550921457,0.6716417910447761,1.5151515151515151,0.9803921568627452
2026-03-05 13:54:42,3484.0,3503.0,3601.0,25.4,60,2.7027027027027026,1.75924095671083,3.249272550921457,0.6865671641791045,1.5488215488215489,1.002178649237473
2026-03-05 14:09:43,3475.0,3499.0,3596.0,25.5,60,0.0,0.9685708638070942,2.036857419980623,0.7014925373134329,1.5824915824915824,1.0239651416122004
2026-03-05 14:24:44,3482.0,3499.0,3601.0,25.5,60,1.8018018018018018,0.9685708638070942,3.249272550921457,0.7164179104477612,1.6161616161616161,1.0457516339869282
2026-03-05 14:39:47,3480.0,3503.0,3601.0,25.5,59,0.9009009009009009,1.75924095671083,3.249272550921457,0.7313432835820896,1.6498316498316499,1.067538126361656
2026-03-05 14:54:50,3486.0,3501.0,3599.0,25.5,59,3.6036036036036037,1.3639059102589621,2.7643064985451233,0.7462686567164178,1.6835016835016834,1.0893246187363834
2026-03-05 15:09:52,3478.0,3501.0,3597.0,25.6,59,0.0,1.3639059102589621,2.2793404461687894,0.7611940298507462,1.7171717171717171,1.1111111111111112
2026-03-05 15:24:56,3480.0,3501.0,3601.0,25.6,59,0.9009009009009009,1.3639059102589621,3.249272550921457,0.7761194029850746,1.7508417508417509,1.132897603485839
2026-03-05 15:39:59,3483.0,3501.0,3599.0,25.7,58,2.2522522522522523,1.3639059102589621,2.7643064985451233,0.7910447761194029,1.7845117845117844,1.1546840958605664
2026-03-05 15:55:00,3483.0,3511.0,3603.0,25.7,58,2.2522522522522523,3.3405811425183014,3.7342386032977903,0.8059701492537313,1.8181818181818181,1.1764705882352942
2026-03-05 16:10:02,3481.0,3507.0,3603.0,25.8,58,1.3513513513513513,2.5499110496145656,3.7342386032977903,0.8208955223880597,1.8518518518518519,1.198257080610022
2026-03-05 16:25:05,3483.0,3507.0,3605.0,25.8,58,2.2522522522522523,2.5499110496145656,4.219204655674124,0.835820895522388,1.8855218855218854,1.2200435729847494
2026-03-05 16:40:06,3485.0,3513.0,3607.0,25.8,58,3.153153153153153,3.7359161889701697,4.704170708050458,0.8507462686567164,1.9191919191919191,1.2418300653594772
2026-03-05 16:55:09,3492.0,3516.0,3611.0,25.9,58,6.306306306306306,4.328918758647971,5.674102812803125,0.8656716417910447,1.9528619528619529,1.263616557734205
2026-03-05 17:10:10,3484.0,3510.0,3609.0,25.9,58,2.7027027027027026,3.1429136192923672,5.18913676042679,0.8805970149253731,1.9865319865319866,1.2854030501089326
2026-03-05 17:25:10,3487.0,3513.0,3612.0,26.0,58,4.054054054054054,3.7359161889701697,5.916585838991292,0.8955223880597015,2.0202020202020203,1.3071895424836601
2026-03-05 17:40:11,3484.0,3515.0,3611.0,26.1,57,2.7027027027027026,4.131251235422037,5.674102812803125,0.9104477611940298,2.0538720538720536,1.328976034858388
2026-03-05 17:55:12,3484.0,3508.0,3611.0,26.1,57,2.7027027027027026,2.7475785728404998,5.674102812803125,0.9253731343283582,2.0875420875420874,1.3507625272331156
2026-03-05 18:10:15,3481.0,3495.0,3612.0,26.2,57,1.3513513513513513,0.17790077090335854,5.916585838991292,0.9402985074626865,2.121212121212121,1.3725490196078431
2026-03-05 18:25:16,3482.0,3509.0,3611.0,26.2,57,1.8018018018018018,2.9452460960664335,5.674102812803125,0.9552238805970149,2.154882154882155,1.3943355119825709
2026-03-05 18:40:19,3491.0,3511.0,3613.0,26.2,57,5.8558558558558556,3.3405811425183014,6.159068865179458,0.9701492537313433,2.1885521885521886,1.4161220043572986
2026-03-05 18:55:22,3484.0,3503.0,3607.0,26.2,57,2.7027027027027026,1.75924095671083,4.704170708050458,0.9850746268656716,2.2222222222222223,1.4379084967320261
2026-03-05 19:10:23,3483.0,3503.0,3611.0,26.3,57,2.2522522522522523,1.75924095671083,5.674102812803125,1.0,2.255892255892256,1.4596949891067539
2026-03-05 19:25:24,3481.0,3503.0,3609.0,26.3,57,1.3513513513513513,1.75924095671083,5.18913676042679,1.0149253731343284,2.2895622895622894,1.4814814814814816
2026-03-05 19:40:27,3484.0,3509.0,3607.0,26.3,56,2.7027027027027026,2.9452460960664335,4.704170708050458,1.0298507462686568,2.323232323232323,1.5032679738562091
2026-03-05 19:55:29,3483.0,3501.0,3613.0,26.3,56,2.2522522522522523,1.3639059102589621,6.159068865179458,1.044776119402985,2.356902356902357,1.5250544662309369
2026-03-05 20:10:32,3486.0,3511.0,3609.0,26.3,56,3.6036036036036037,3.3405811425183014,5.18913676042679,1.0597014925373134,2.3905723905723906,1.5468409586056646
2026-03-05 20:25:32,3486.0,3509.0,3612.0,26.3,56,3.6036036036036037,2.9452460960664335,5.916585838991292,1.0746268656716418,2.4242424242424243,1.5686274509803924
2026-03-05 20:40:33,3491.0,3507.0,3611.0,26.4,56,5.8558558558558556,2.5499110496145656,5.674102812803125,1.0895522388059702,2.457912457912458,1.5904139433551199
2026-03-05 20:55:34,3488.0,3511.0,3615.0,26.4,56,4.504504504504505,3.3405811425183014,6.644034917555791,1.1044776119402986,2.4915824915824913,1.6122004357298476
2026-03-05 21:10:37,3485.0,3503.0,3612.0,26.5,56,3.153153153153153,1.75924095671083,5.916585838991292,1.1194029850746268,2.525252525252525,1.6339869281045754
2026-03-05 21:25:39,3483.0,3508.0,3613.0,26.6,56,2.2522522522522523,2.7475785728404998,6.159068865179458,1.1343283582089552,2.558922558922559,1.6557734204793029
2026-03-05 21:40:42,3485.0,3513.0,3615.0,26.6,56,3.153153153153153,3.7359161889701697,6.644034917555791,1.1492537313432836,2.5925925925925926,1.6775599128540306
2026-03-05 21:55:44,3484.0,3501.0,3611.0,26.6,56,2.7027027027027026,1.3639059102589621,5.674102812803125,1.164179104477612,2.6262626262626263,1.6993464052287583
2026-03-05 22:10:47,3479.0,3511.0,3611.0,26.6,56,0.45045045045045046,3.3405811425183014,5.674102812803125,1.1791044776119404,2.65993265993266,1.7211328976034859
2026-03-05 22:25:49,3477.0,3497.0,3555.0,26.6,56,0.0,0.5732358173552264,0.0,1.1940298507462686,2.6936026936026938,1.7429193899782136
2026-03-05 22:40:51,3475.0,3487.0,3613.0,26.7,56,0.0,0.0,6.159068865179458,1.208955223880597,2.727272727272727,1.7647058823529413
2026-03-05 22:55:54,3470.0,3493.0,3611.0,26.7,56,0.0,0.0,5.674102812803125,1.2238805970149254,2.760942760942761,1.7864923747276689
2026-03-05 23:10:56,3468.0,3479.0,3609.0,26.8,56,0.0,0.0,5.18913676042679,1.2388059701492538,2.7946127946127945,1.8082788671023966
2026-03-05 23:25:57,3475.0,3479.0,3609.0,26.8,56,0.0,0.0,5.18913676042679,1.2537313432835822,2.8282828282828283,1.8300653594771243
2026-03-05 23:40:58,3474.0,3493.0,3611.0,26.9,56,0.0,0.0,5.674102812803125,1.2686567164179103,2.861952861952862,1.8518518518518519
2026-03-05 23:56:00,3474.0,3487.0,3611.0,26.9,56,0.0,0.0,5.674102812803125,1.2835820895522387,2.8956228956228958,1.8736383442265796
2026-03-06 00:11:01,3469.0,3467.0,3611.0,26.9,56,0.0,0.0,5.674102812803125,1.2985074626865671,2.929292929292929,1.8954248366013073
2026-03-06 00:26:03,3476.0,3471.0,3610.0,26.9,57,0.0,0.0,5.431619786614958,1.3134328358208955,2.962962962962963,1.9172113289760349
2026-03-06 00:41:06,3491.0,3469.0,3609.0,26.9,57,5.8558558558558556,0.0,5.18913676042679,1.328358208955224,2.9966329966329965,1.9389978213507626
2026-03-06 00:56:07,3471.0,3470.0,3611.0,26.9,57,0.0,0.0,5.674102812803125,1.3432835820895521,3.0303030303030303,1.9607843137254903
2026-03-06 01:11:10,3478.0,3468.0,3611.0,26.9,57,0.0,0.0,5.674102812803125,1.3582089552238805,3.063973063973064,1.982570806100218
2026-03-06 01:26:12,3479.0,3479.0,3611.0,27.0,58,0.45045045045045046,0.0,5.674102812803125,1.373134328358209,3.0976430976430978,2.004357298474946
2026-03-06 01:41:15,3470.0,3455.0,3612.0,27.0,58,0.0,0.0,5.916585838991292,1.3880597014925373,3.131313131313131,2.026143790849673
2026-03-06 01:56:17,3475.0,3455.0,3609.0,27.0,58,0.0,0.0,5.18913676042679,1.4029850746268657,3.164983164983165,2.047930283224401
2026-03-06 02:11:19,3475.0,3455.0,3610.0,27.0,58,0.0,0.0,5.431619786614958,1.417910447761194,3.1986531986531985,2.0697167755991286
2026-03-06 02:26:20,3469.0,3465.0,3609.0,27.0,58,0.0,0.0,5.18913676042679,1.4328358208955223,3.2323232323232323,2.0915032679738563
2026-03-06 02:41:21,3496.0,3451.0,3609.0,27.0,58,8.108108108108109,0.0,5.18913676042679,1.4477611940298507,3.265993265993266,2.113289760348584
2026-03-06 02:56:22,3469.0,3453.0,3609.0,27.0,59,0.0,0.0,5.18913676042679,1.462686567164179,3.2996632996632997,2.135076252723312
2026-03-06 03:11:23,3476.0,3449.0,3611.0,27.0,59,0.0,0.0,5.674102812803125,1.4776119402985075,3.3333333333333335,2.1568627450980395
2026-03-06 03:26:24,3468.0,3453.0,3611.0,27.0,59,0.0,0.0,5.674102812803125,1.4925373134328357,3.3670033670033668,2.178649237472767
2026-03-06 03:41:27,3475.0,3463.0,3613.0,27.1,59,0.0,0.0,6.159068865179458,1.507462686567164,3.4006734006734005,2.2004357298474946
2026-03-06 03:56:27,3470.0,3447.0,3609.0,27.1,59,0.0,0.0,5.18913676042679,1.5223880597014925,3.4343434343434343,2.2222222222222223
2026-03-06 04:11:27,3468.0,3448.0,3608.0,27.1,59,0.0,0.0,4.946653734238624,1.537313432835821,3.468013468013468,2.24400871459695
2026-03-06 04:26:30,3471.0,3451.0,3611.0,27.1,59,0.0,0.0,5.674102812803125,1.5522388059701493,3.5016835016835017,2.265795206971678
2026-03-06 04:41:33,3475.0,3455.0,3612.0,27.1,59,0.0,0.0,5.916585838991292,1.5671641791044775,3.5353535353535355,2.2875816993464055
2026-03-06 04:56:35,3470.0,3452.0,3610.0,27.0,59,0.0,0.0,5.431619786614958,1.5820895522388059,3.5690235690235688,2.309368191721133
2026-03-06 05:11:36,3467.0,3447.0,3608.0,26.9,59,0.0,0.0,4.946653734238624,1.5970149253731343,3.6026936026936025,2.3311546840958606
2026-03-06 05:26:38,3479.0,3425.0,3607.0,26.8,58,0.45045045045045046,0.0,4.704170708050458,1.6119402985074627,3.6363636363636362,2.3529411764705883
2026-03-06 05:41:41,3471.0,3445.0,3606.0,26.8,58,0.0,0.0,4.461687681862291,1.626865671641791,3.67003367003367,2.374727668845316
2026-03-06 05:56:44,3468.0,3447.0,3606.0,26.8,57,0.0,0.0,4.461687681862291,1.6417910447761195,3.7037037037037037,2.396514161220044
2026-03-06 06:11:45,3478.0,3447.0,3608.0,26.8,57,0.0,0.0,4.946653734238624,1.6567164179104477,3.7373737373737375,2.4183006535947715
2026-03-06 06:26:48,3468.0,3447.0,3607.0,26.8,57,0.0,0.0,4.704170708050458,1.671641791044776,3.7710437710437708,2.440087145969499
2026-03-06 06:41:48,3476.0,3445.0,3609.0,26.8,57,0.0,0.0,5.18913676042679,1.6865671641791045,3.8047138047138045,2.4618736383442266
2026-03-06 06:56:49,3471.0,3443.0,3610.0,26.8,57,0.0,0.0,5.431619786614958,1.7014925373134329,3.8383838383838382,2.4836601307189543
2026-03-06 07:11:52,3479.0,3447.0,3609.0,26.8,57,0.45045045045045046,0.0,5.18913676042679,1.7164179104477613,3.872053872053872,2.505446623093682
2026-03-06 07:26:53,3471.0,3446.0,3608.0,26.8,57,0.0,0.0,4.946653734238624,1.7313432835820894,3.9057239057239057,2.52723311546841
2026-03-06 07:41:53,3475.0,3447.0,3610.0,26.8,57,0.0,0.0,5.431619786614958,1.7462686567164178,3.9393939393939394,2.5490196078431375
2026-03-06 07:56:53,3477.0,3437.0,3607.0,26.8,57,0.0,0.0,4.704170708050458,1.7611940298507462,3.973063973063973,2.5708061002178653
2026-03-06 08:11:54,3475.0,3445.0,3609.0,26.8,57,0.0,0.0,5.18913676042679,1.7761194029850746,4.006734006734007,2.5925925925925926
2026-03-06 08:26:54,3481.0,3463.0,3611.0,26.8,57,1.3513513513513513,0.0,5.674102812803125,1.791044776119403,4.040404040404041,2.6143790849673203
2026-03-06 08:41:54,3475.0,3443.0,3608.0,26.8,57,0.0,0.0,4.946653734238624,1.8059701492537312,4.074074074074074,2.636165577342048
2026-03-06 08:56:54,3469.0,3447.0,3607.0,26.8,57,0.0,0.0,4.704170708050458,1.8208955223880596,4.107744107744107,2.657952069716776
2026-03-06 09:11:55,3481.0,3443.0,3607.0,26.7,57,1.3513513513513513,0.0,4.704170708050458,1.835820895522388,4.141414141414141,2.6797385620915035
2026-03-06 09:26:57,3476.0,3444.0,3607.0,26.7,57,0.0,0.0,4.704170708050458,1.8507462686567164,4.175084175084175,2.7015250544662313
2026-03-06 09:41:57,3475.0,3447.0,3602.0,26.7,57,0.0,0.0,3.491755577109624,1.8656716417910448,4.2087542087542085,2.7233115468409586
2026-03-06 09:56:58,3475.0,3435.0,3606.0,26.7,57,0.0,0.0,4.461687681862291,1.880597014925373,4.242424242424242,2.7450980392156863
2026-03-06 10:11:58,3472.0,3447.0,3605.0,26.6,57,0.0,0.0,4.219204655674124,1.8955223880597014,4.276094276094276,2.766884531590414
2026-03-06 10:26:59,3463.0,3445.0,3603.0,26.6,57,0.0,0.0,3.7342386032977903,1.9104477611940298,4.30976430976431,2.7886710239651418
2026-03-06 10:42:01,3467.0,3440.0,3601.0,26.6,57,0.0,0.0,3.249272550921457,1.9253731343283582,4.343434343434343,2.8104575163398695
2026-03-06 10:57:01,3471.0,3445.0,3596.0,26.6,57,0.0,0.0,2.036857419980623,1.9402985074626866,4.377104377104377,2.8322440087145972
2026-03-06 11:12:02,3475.0,3439.0,3603.0,26.6,57,0.0,0.0,3.7342386032977903,1.9552238805970148,4.410774410774411,2.854030501089325
2026-03-06 11:27:03,3471.0,3447.0,3604.0,26.6,57,0.0,0.0,3.9767216294859566,1.9701492537313432,4.444444444444445,2.8758169934640523
2026-03-06 11:42:04,3473.0,3435.0,3599.0,26.6,57,0.0,0.0,2.7643064985451233,1.9850746268656716,4.478114478114478,2.89760348583878
2026-03-06 11:57:04,3479.0,3443.0,3603.0,26.6,57,0.45045045045045046,0.0,3.7342386032977903,2.0,4.511784511784512,2.9193899782135078
2026-03-06 12:12:06,3471.0,3443.0,3603.0,26.6,56,0.0,0.0,3.7342386032977903,2.014925373134328,4.545454545454545,2.9411764705882355
2026-03-06 12:27:08,3479.0,3443.0,3602.0,26.5,56,0.45045045045045046,0.0,3.491755577109624,2.029850746268657,4.579124579124579,2.9629629629629632
2026-03-06 12:42:11,3471.0,3440.0,3597.0,26.5,56,0.0,0.0,2.2793404461687894,2.044776119402985,4.6127946127946124,2.984749455337691
2026-03-06 12:57:14,3469.0,3443.0,3603.0,26.5,56,0.0,0.0,3.7342386032977903,2.0597014925373136,4.646464646464646,3.0065359477124183
2026-03-06 13:12:17,3468.0,3445.0,3606.0,26.4,56,0.0,0.0,4.461687681862291,2.074626865671642,4.68013468013468,3.028322440087146
2026-03-06 13:27:19,3470.0,3443.0,3603.0,26.4,56,0.0,0.0,3.7342386032977903,2.08955223880597,4.713804713804714,3.0501089324618738
2026-03-06 13:42:21,3470.0,3445.0,3601.0,26.3,56,0.0,0.0,3.249272550921457,2.1044776119402986,4.747474747474747,3.0718954248366015
2026-03-06 13:57:24,3471.0,3447.0,3607.0,26.3,55,0.0,0.0,4.704170708050458,2.1194029850746268,4.781144781144781,3.0936819172113292
2026-03-06 14:12:26,3470.0,3445.0,3605.0,26.2,55,0.0,0.0,4.219204655674124,2.1343283582089554,4.814814814814815,3.115468409586057
2026-03-06 14:27:29,3468.0,3439.0,3604.0,26.1,55,0.0,0.0,3.9767216294859566,2.1492537313432836,4.848484848484849,3.1372549019607847
2026-03-06 14:42:32,3471.0,3497.0,3605.0,26.1,54,0.0,0.5732358173552264,4.219204655674124,2.1641791044776117,4.882154882154882,3.159041394335512
2026-03-06 14:57:34,3455.0,3445.0,3602.0,26.1,54,0.0,0.0,3.491755577109624,2.1791044776119404,4.915824915824916,3.1808278867102397
2026-03-06 15:12:36,3468.0,3443.0,3605.0,26.1,54,0.0,0.0,4.219204655674124,2.1940298507462686,4.94949494949495,3.2026143790849675
2026-03-06 15:27:39,3470.0,3429.0,3603.0,26.1,54,0.0,0.0,3.7342386032977903,2.208955223880597,4.983164983164983,3.2244008714596952
2026-03-06 15:42:39,3469.0,3439.0,3605.0,26.2,54,0.0,0.0,4.219204655674124,2.2238805970149254,5.016835016835016,3.246187363834423
2026-03-06 15:57:40,3479.0,3443.0,3607.0,26.2,55,0.45045045045045046,0.0,4.704170708050458,2.2388059701492535,5.05050505050505,3.2679738562091507
2026-03-06 16:12:42,3469.0,3439.0,3605.0,26.2,55,0.0,0.0,4.219204655674124,2.253731343283582,5.084175084175084,3.289760348583878
2026-03-06 16:27:43,3475.0,3437.0,3607.0,26.3,56,0.0,0.0,4.704170708050458,2.2686567164179103,5.117845117845118,3.3115468409586057
2026-03-06 16:42:43,3474.0,3439.0,3608.0,26.3,56,0.0,0.0,4.946653734238624,2.283582089552239,5.151515151515151,3.3333333333333335
2026-03-06 16:57:43,3479.0,3449.0,3607.0,26.3,56,0.45045045045045046,0.0,4.704170708050458,2.298507462686567,5.185185185185185,3.355119825708061
2026-03-06 17:12:46,3471.0,3440.0,3606.0,26.2,56,0.0,0.0,4.461687681862291,2.3134328358208953,5.218855218855219,3.376906318082789
2026-03-06 17:27:49,3468.0,3439.0,3607.0,26.2,56,0.0,0.0,4.704170708050458,2.328358208955224,5.252525252525253,3.3986928104575167
2026-03-06 17:42:49,3476.0,3438.0,3609.0,26.2,57,0.0,0.0,5.18913676042679,2.343283582089552,5.286195286195286,3.420479302832244
2026-03-06 17:57:50,3469.0,3439.0,3607.0,26.2,57,0.0,0.0,4.704170708050458,2.3582089552238807,5.31986531986532,3.4422657952069717
2026-03-06 18:12:51,3471.0,3445.0,3606.0,26.2,57,0.0,0.0,4.461687681862291,2.373134328358209,5.353535353535354,3.4640522875816995
2026-03-06 18:27:52,3475.0,3423.0,3612.0,26.2,57,0.0,0.0,5.916585838991292,2.388059701492537,5.3872053872053876,3.485838779956427
2026-03-06 18:42:54,3476.0,3437.0,3607.0,26.1,56,0.0,0.0,4.704170708050458,2.4029850746268657,5.42087542087542,3.507625272331155
2026-03-06 18:57:57,3475.0,3439.0,3609.0,26.1,56,0.0,0.0,5.18913676042679,2.417910447761194,5.454545454545454,3.5294117647058827
2026-03-06 19:12:58,3475.0,3439.0,3609.0,26.1,55,0.0,0.0,5.18913676042679,2.4328358208955225,5.488215488215488,3.5511982570806104
2026-03-06 19:27:59,3475.0,3449.0,3608.0,26.0,55,0.0,0.0,4.946653734238624,2.4477611940298507,5.521885521885522,3.5729847494553377
2026-03-06 19:43:00,3476.0,3443.0,3605.0,25.9,55,0.0,0.0,4.219204655674124,2.462686567164179,5.555555555555555,3.5947712418300655
2026-03-06 19:58:02,3470.0,3443.0,3609.0,26.0,55,0.0,0.0,5.18913676042679,2.4776119402985075,5.589225589225589,3.616557734204793
2026-03-06 20:13:05,3464.0,3447.0,3607.0,25.9,54,0.0,0.0,4.704170708050458,2.4925373134328357,5.622895622895623,3.638344226579521
2026-03-06 20:28:07,3467.0,3445.0,3607.0,25.9,54,0.0,0.0,4.704170708050458,2.5074626865671643,5.656565656565657,3.6601307189542487
2026-03-06 20:43:10,3471.0,3443.0,3608.0,25.9,54,0.0,0.0,4.946653734238624,2.5223880597014925,5.69023569023569,3.6819172113289764
2026-03-06 20:58:12,3471.0,3443.0,3607.0,25.9,54,0.0,0.0,4.704170708050458,2.5373134328358207,5.723905723905724,3.7037037037037037
2026-03-06 21:13:12,3470.0,3445.0,3607.0,26.0,54,0.0,0.0,4.704170708050458,2.5522388059701493,5.757575757575758,3.7254901960784315
2026-03-06 21:28:15,3475.0,3448.0,3605.0,26.0,54,0.0,0.0,4.219204655674124,2.5671641791044775,5.7912457912457915,3.747276688453159
2026-03-06 21:43:15,3470.0,3443.0,3605.0,26.0,54,0.0,0.0,4.219204655674124,2.582089552238806,5.824915824915824,3.769063180827887
2026-03-06 21:58:18,3471.0,3443.0,3608.0,26.0,55,0.0,0.0,4.946653734238624,2.5970149253731343,5.858585858585858,3.7908496732026147
2026-03-06 22:13:20,3478.0,3439.0,3607.0,26.0,55,0.0,0.0,4.704170708050458,2.6119402985074625,5.892255892255892,3.8126361655773424
2026-03-06 22:28:21,3470.0,3447.0,3608.0,26.0,55,0.0,0.0,4.946653734238624,2.626865671641791,5.925925925925926,3.8344226579520697
2026-03-06 22:43:22,3468.0,3445.0,3606.0,26.0,55,0.0,0.0,4.461687681862291,2.6417910447761193,5.959595959595959,3.8562091503267975
2026-03-06 22:58:22,3468.0,3445.0,3607.0,26.0,55,0.0,0.0,4.704170708050458,2.656716417910448,5.993265993265993,3.877995642701525
2026-03-06 23:13:25,3492.0,3343.0,3603.0,26.0,55,6.306306306306306,0.0,3.7342386032977903,2.671641791044776,6.026936026936027,3.899782135076253
2026-03-06 23:28:27,3486.0,3365.0,3620.0,26.0,55,3.6036036036036037,0.0,7.856450048496626,2.6865671641791042,6.0606060606060606,3.9215686274509807
2026-03-06 23:43:28,3494.0,3359.0,3622.0,25.9,55,7.207207207207207,0.0,8.341416100872959,2.701492537313433,6.094276094276094,3.9433551198257084
2026-03-06 23:58:29,3494.0,3363.0,3619.0,25.9,55,7.207207207207207,0.0,7.613967022308459,2.716417910447761,6.127946127946128,3.965141612200436
2026-03-07 00:13:31,3493.0,3351.0,3615.0,25.8,55,6.756756756756757,0.0,6.644034917555791,2.7313432835820897,6.161616161616162,3.9869281045751634
2026-03-07 00:28:31,3494.0,3351.0,3621.0,25.7,55,7.207207207207207,0.0,8.098933074684792,2.746268656716418,6.1952861952861955,4.008714596949892
2026-03-07 00:43:34,3541.0,3351.0,3613.0,25.7,54,28.37837837837838,0.0,6.159068865179458,2.761194029850746,6.228956228956229,4.030501089324619
2026-03-07 00:58:36,3487.0,3349.0,3613.0,25.7,54,4.054054054054054,0.0,6.159068865179458,2.7761194029850746,6.262626262626262,4.052287581699346
2026-03-07 01:13:36,3488.0,3348.0,3612.0,25.6,55,4.504504504504505,0.0,5.916585838991292,2.791044776119403,6.296296296296296,4.074074074074074
2026-03-07 01:28:37,3495.0,3346.0,3613.0,25.6,55,7.657657657657657,0.0,6.159068865179458,2.8059701492537314,6.32996632996633,4.095860566448802
2026-03-07 01:43:37,3495.0,3346.0,3612.0,25.6,55,7.657657657657657,0.0,5.916585838991292,2.8208955223880596,6.363636363636363,4.11764705882353
2026-03-07 01:58:38,3487.0,3339.0,3609.0,25.6,55,4.054054054054054,0.0,5.18913676042679,2.835820895522388,6.397306397306397,4.139433551198257
2026-03-07 02:13:40,3494.0,3337.0,3613.0,25.6,55,7.207207207207207,0.0,6.159068865179458,2.8507462686567164,6.430976430976431,4.161220043572985
2026-03-07 02:28:41,3487.0,3345.0,3613.0,25.7,56,4.054054054054054,0.0,6.159068865179458,2.8656716417910446,6.4646464646464645,4.183006535947713
2026-03-07 02:43:42,3496.0,3324.0,3612.0,25.7,56,8.108108108108109,0.0,5.916585838991292,2.8805970149253732,6.498316498316498,4.20479302832244
2026-03-07 02:58:43,3493.0,3327.0,3612.0,25.7,56,6.756756756756757,0.0,5.916585838991292,2.8955223880597014,6.531986531986532,4.226579520697168
2026-03-07 03:13:45,3491.0,3335.0,3611.0,25.7,56,5.8558558558558556,0.0,5.674102812803125,2.9104477611940296,6.565656565656566,4.248366013071895
2026-03-07 03:28:46,3492.0,3336.0,3613.0,25.7,57,6.306306306306306,0.0,6.159068865179458,2.925373134328358,6.5993265993265995,4.270152505446624
2026-03-07 03:43:48,3483.0,3325.0,3608.0,25.6,57,2.2522522522522523,0.0,4.946653734238624,2.9402985074626864,6.632996632996633,4.291938997821351
2026-03-07 03:58:51,3494.0,3333.0,3611.0,25.6,57,7.207207207207207,0.0,5.674102812803125,2.955223880597015,6.666666666666667,4.313725490196079
2026-03-07 04:13:54,3491.0,3325.0,3609.0,25.5,57,5.8558558558558556,0.0,5.18913676042679,2.970149253731343,6.7003367003367,4.335511982570806
2026-03-07 04:28:56,3497.0,3327.0,3613.0,25.5,57,8.558558558558559,0.0,6.159068865179458,2.9850746268656714,6.7340067340067336,4.357298474945534
2026-03-07 04:43:59,3493.0,3325.0,3573.0,25.5,57,6.756756756756757,0.0,0.0,3.0,6.767676767676767,4.379084967320262
2026-03-07 04:59:01,3499.0,3327.0,3611.0,25.5,57,9.45945945945946,0.0,5.674102812803125,3.014925373134328,6.801346801346801,4.400871459694989
2026-03-07 05:14:03,3496.0,3325.0,3610.0,25.5,58,8.108108108108109,0.0,5.431619786614958,3.029850746268657,6.835016835016835,4.422657952069717
2026-03-07 05:29:07,3483.0,3327.0,3609.0,25.5,58,2.2522522522522523,0.0,5.18913676042679,3.044776119402985,6.8686868686868685,4.444444444444445
2026-03-07 05:44:07,3492.0,3335.0,3611.0,25.5,58,6.306306306306306,0.0,5.674102812803125,3.059701492537313,6.902356902356902,4.466230936819172
2026-03-07 05:59:08,3498.0,3327.0,3609.0,25.4,58,9.00900900900901,0.0,5.18913676042679,3.074626865671642,6.936026936026936,4.4880174291939
2026-03-07 06:14:08,3491.0,3325.0,3610.0,25.4,58,5.8558558558558556,0.0,5.431619786614958,3.08955223880597,6.96969696969697,4.509803921568627
2026-03-07 06:29:11,3492.0,3333.0,3609.0,25.4,58,6.306306306306306,0.0,5.18913676042679,3.1044776119402986,7.0033670033670035,4.531590413943356
2026-03-07 06:44:13,3484.0,3321.0,3613.0,25.4,58,2.7027027027027026,0.0,6.159068865179458,3.1194029850746268,7.037037037037037,4.553376906318083
2026-03-07 06:59:15,3492.0,3326.0,3611.0,25.4,58,6.306306306306306,0.0,5.674102812803125,3.134328358208955,7.070707070707071,4.575163398692811
2026-03-07 07:14:15,3491.0,3337.0,3611.0,25.3,58,5.8558558558558556,0.0,5.674102812803125,3.1492537313432836,7.104377104377105,4.596949891067538
2026-03-07 07:29:16,3491.0,3333.0,3610.0,25.3,58,5.8558558558558556,0.0,5.431619786614958,3.1641791044776117,7.1380471380471375,4.618736383442266
2026-03-07 07:44:17,3488.0,3336.0,3609.0,25.3,58,4.504504504504505,0.0,5.18913676042679,3.1791044776119404,7.171717171717171,4.640522875816994
2026-03-07 07:59:19,3492.0,3327.0,3607.0,25.2,58,6.306306306306306,0.0,4.704170708050458,3.1940298507462686,7.205387205387205,4.662309368191721
2026-03-07 08:14:20,3487.0,3325.0,3609.0,25.2,58,4.054054054054054,0.0,5.18913676042679,3.208955223880597,7.239057239057239,4.684095860566449
2026-03-07 08:29:22,3493.0,3325.0,3609.0,25.1,58,6.756756756756757,0.0,5.18913676042679,3.2238805970149254,7.2727272727272725,4.705882352941177
2026-03-07 08:44:22,3491.0,3335.0,3612.0,25.1,58,5.8558558558558556,0.0,5.916585838991292,3.2388059701492535,7.306397306397306,4.727668845315905
2026-03-07 08:59:23,3494.0,3335.0,3611.0,25.1,58,7.207207207207207,0.0,5.674102812803125,3.253731343283582,7.34006734006734,4.749455337690632
2026-03-07 09:14:23,3485.0,3335.0,3608.0,25.1,58,3.153153153153153,0.0,4.946653734238624,3.2686567164179103,7.373737373737374,4.771241830065359
2026-03-07 09:29:24,3490.0,3327.0,3608.0,25.1,58,5.405405405405405,0.0,4.946653734238624,3.283582089552239,7.407407407407407,4.793028322440088
2026-03-07 09:44:24,3492.0,3333.0,3605.0,25.1,58,6.306306306306306,0.0,4.219204655674124,3.298507462686567,7.441077441077441,4.814814814814815
2026-03-07 09:59:24,3487.0,3335.0,3602.0,25.1,58,4.054054054054054,0.0,3.491755577109624,3.3134328358208953,7.474747474747475,4.836601307189543
2026-03-07 10:14:25,3491.0,3327.0,3605.0,25.0,58,5.8558558558558556,0.0,4.219204655674124,3.328358208955224,7.508417508417509,4.85838779956427
2026-03-07 10:29:26,3494.0,3325.0,3605.0,25.0,58,7.207207207207207,0.0,4.219204655674124,3.343283582089552,7.5420875420875415,4.880174291938998
2026-03-07 10:44:26,3492.0,3327.0,3605.0,25.0,58,6.306306306306306,0.0,4.219204655674124,3.3582089552238807,7.575757575757575,4.901960784313726
2026-03-07 10:59:27,3494.0,3328.0,3603.0,25.0,57,7.207207207207207,0.0,3.7342386032977903,3.373134328358209,7.609427609427609,4.923747276688453
2026-03-07 11:14:29,3495.0,3335.0,3605.0,25.0,57,7.657657657657657,0.0,4.219204655674124,3.388059701492537,7.643097643097643,4.945533769063181
2026-03-07 11:29:30,3487.0,3337.0,3608.0,25.0,57,4.054054054054054,0.0,4.946653734238624,3.4029850746268657,7.6767676767676765,4.967320261437909
2026-03-07 11:44:33,3494.0,3325.0,3608.0,25.0,57,7.207207207207207,0.0,4.946653734238624,3.417910447761194,7.71043771043771,4.989106753812637
2026-03-07 11:59:35,3485.0,3333.0,3605.0,25.0,57,3.153153153153153,0.0,4.219204655674124,3.4328358208955225,7.744107744107744,5.010893246187364
2026-03-07 12:14:36,3495.0,3325.0,3595.0,25.0,57,7.657657657657657,0.0,1.7943743937924563,3.4477611940298507,7.777777777777778,5.032679738562091
2026-03-07 12:29:36,3495.0,3335.0,3596.0,25.0,57,7.657657657657657,0.0,2.036857419980623,3.462686567164179,7.811447811447811,5.05446623093682
2026-03-07 12:44:38,3486.0,3335.0,3601.0,25.0,57,3.6036036036036037,0.0,3.249272550921457,3.4776119402985075,7.845117845117845,5.076252723311547
2026-03-07 12:59:40,3493.0,3309.0,3601.0,25.0,57,6.756756756756757,0.0,3.249272550921457,3.4925373134328357,7.878787878787879,5.098039215686275
2026-03-07 13:14:41,3495.0,3327.0,3601.0,25.0,57,7.657657657657657,0.0,3.249272550921457,3.5074626865671643,7.912457912457913,5.119825708061002
2026-03-07 13:29:41,3497.0,3335.0,3603.0,25.0,57,8.558558558558559,0.0,3.7342386032977903,3.5223880597014925,7.946127946127946,5.1416122004357305
2026-03-07 13:44:41,3484.0,3323.0,3602.0,25.1,57,2.7027027027027026,0.0,3.491755577109624,3.5373134328358207,7.979797979797979,5.163398692810458
2026-03-07 13:59:42,3494.0,3335.0,3595.0,25.1,57,7.207207207207207,0.0,1.7943743937924563,3.5522388059701493,8.013468013468014,5.185185185185185
2026-03-07 14:14:42,3495.0,3339.0,3593.0,25.1,57,7.657657657657657,0.0,1.3094083414161226,3.5671641791044775,8.047138047138047,5.206971677559913
2026-03-07 14:29:43,3486.0,3348.0,3599.0,25.1,57,3.6036036036036037,0.0,2.7643064985451233,3.582089552238806,8.080808080808081,5.228758169934641
2026-03-07 14:44:43,3495.0,3352.0,3595.0,25.0,57,7.657657657657657,0.0,1.7943743937924563,3.5970149253731343,8.114478114478114,5.250544662309369
2026-03-07 14:59:43,3491.0,3366.0,3601.0,25.0,56,5.8558558558558556,0.0,3.249272550921457,3.6119402985074625,8.148148148148149,5.272331154684096
2026-03-07 15:14:44,3484.0,3399.0,3602.0,25.0,56,2.7027027027027026,0.0,3.491755577109624,3.626865671641791,8.181818181818182,5.294117647058824
2026-03-07 15:29:44,3493.0,3401.0,3603.0,25.0,56,6.756756756756757,0.0,3.7342386032977903,3.6417910447761193,8.215488215488215,5.315904139433552
2026-03-07 15:44:44,3497.0,3413.0,3603.0,25.0,55,8.558558558558559,0.0,3.7342386032977903,3.656716417910448,8.24915824915825,5.337690631808279
2026-03-07 15:59:44,3498.0,3469.0,3601.0,25.0,55,9.00900900900901,0.0,3.249272550921457,3.671641791044776,8.282828282828282,5.359477124183007
2026-03-07 16:14:44,3496.0,3511.0,3604.0,25.0,55,8.108108108108109,3.3405811425183014,3.9767216294859566,3.6865671641791042,8.316498316498317,5.381263616557734
2026-03-07 16:29:45,3490.0,3549.0,3607.0,25.0,55,5.405405405405405,10.851947025103792,4.704170708050458,3.701492537313433,8.35016835016835,5.4030501089324625
2026-03-07 16:44:45,3493.0,3525.0,3605.0,25.0,56,6.756756756756757,6.107926467681376,4.219204655674124,3.716417910447761,8.383838383838384,5.42483660130719
2026-03-07 16:59:45,3494.0,3469.0,3605.0,25.0,56,7.207207207207207,0.0,4.219204655674124,3.7313432835820897,8.417508417508417,5.446623093681917
2026-03-07 17:14:45,3494.0,3415.0,3605.0,25.0,56,7.207207207207207,0.0,4.219204655674124,3.746268656716418,8.451178451178452,5.468409586056645
2026-03-07 17:29:46,3495.0,3379.0,3611.0,25.0,56,7.657657657657657,0.0,5.674102812803125,3.761194029850746,8.484848484848484,5.490196078431373
2026-03-07 17:44:46,3493.0,3385.0,3609.0,25.0,56,6.756756756756757,0.0,5.18913676042679,3.7761194029850746,8.518518518518519,5.511982570806101
2026-03-07 17:59:47,3497.0,3483.0,3605.0,25.0,56,8.558558558558559,0.0,4.219204655674124,3.791044776119403,8.552188552188552,5.533769063180828
2026-03-07 18:14:47,3499.0,3717.0,3609.0,25.0,56,9.45945945945946,44.0600909270607,5.18913676042679,3.8059701492537314,8.585858585858587,5.555555555555556
2026-03-07 18:29:48,3501.0,3815.0,3611.0,25.0,56,10.36036036036036,63.43150820320223,5.674102812803125,3.8208955223880596,8.61952861952862,5.5773420479302835
2026-03-07 18:44:48,3500.0,3637.0,3609.0,24.9,56,9.90990990990991,28.24668906898598,5.18913676042679,3.835820895522388,8.653198653198652,5.599128540305011
2026-03-07 18:59:48,3495.0,3477.0,3607.0,24.9,55,7.657657657657657,0.0,4.704170708050458,3.8507462686567164,8.686868686868687,5.620915032679739
2026-03-07 19:14:48,3494.0,3455.0,3609.0,24.9,55,7.207207207207207,0.0,5.18913676042679,3.8656716417910446,8.72053872053872,5.642701525054466
2026-03-07 19:29:48,3501.0,3475.0,3605.0,24.9,55,10.36036036036036,0.0,4.219204655674124,3.8805970149253732,8.754208754208754,5.6644880174291945
2026-03-07 19:44:49,3494.0,3399.0,3603.0,24.8,55,7.207207207207207,0.0,3.7342386032977903,3.8955223880597014,8.787878787878787,5.686274509803922
2026-03-07 19:59:49,3507.0,3369.0,3607.0,24.8,55,13.063063063063062,0.0,4.704170708050458,3.9104477611940296,8.821548821548822,5.70806100217865
2026-03-07 20:14:49,3496.0,3355.0,3605.0,24.8,55,8.108108108108109,0.0,4.219204655674124,3.925373134328358,8.855218855218855,5.729847494553377
2026-03-07 20:29:50,3501.0,3372.0,3607.0,24.9,55,10.36036036036036,0.0,4.704170708050458,3.9402985074626864,8.88888888888889,5.751633986928105
2026-03-07 20:44:50,3503.0,3375.0,3604.0,24.9,55,11.26126126126126,0.0,3.9767216294859566,3.955223880597015,8.922558922558922,5.773420479302833
2026-03-07 20:59:50,3502.0,3363.0,3605.0,24.9,55,10.81081081081081,0.0,4.219204655674124,3.970149253731343,8.956228956228957,5.79520697167756
2026-03-07 21:14:51,3495.0,3351.0,3607.0,24.9,55,7.657657657657657,0.0,4.704170708050458,3.9850746268656714,8.98989898989899,5.816993464052288
2026-03-07 21:29:51,3516.0,3347.0,3608.0,24.9,55,17.117117117117118,0.0,4.946653734238624,4.0,9.023569023569024,5.8387799564270155
2026-03-07 21:44:51,3499.0,3379.0,3607.0,24.9,55,9.45945945945946,0.0,4.704170708050458,4.014925373134329,9.057239057239057,5.860566448801743
2026-03-07 21:59:51,3500.0,3386.0,3607.0,24.9,55,9.90990990990991,0.0,4.704170708050458,4.029850746268656,9.09090909090909,5.882352941176471
2026-03-07 22:14:52,3488.0,3359.0,3603.0,24.9,55,4.504504504504505,0.0,3.7342386032977903,4.044776119402985,9.124579124579125,5.904139433551198
2026-03-07 22:29:52,3500.0,3339.0,3605.0,24.9,55,9.90990990990991,0.0,4.219204655674124,4.059701492537314,9.158249158249157,5.9259259259259265
2026-03-07 22:44:53,3503.0,3335.0,3608.0,24.9,55,11.26126126126126,0.0,4.946653734238624,4.074626865671641,9.191919191919192,5.947712418300654
2026-03-07 22:59:53,3501.0,3337.0,3606.0,25.0,55,10.36036036036036,0.0,4.461687681862291,4.08955223880597,9.225589225589225,5.969498910675382
2026-03-07 23:14:54,3503.0,3337.0,3603.0,25.0,55,11.26126126126126,0.0,3.7342386032977903,4.104477611940299,9.25925925925926,5.991285403050109
2026-03-07 23:29:54,3498.0,3340.0,3603.0,25.0,55,9.00900900900901,0.0,3.7342386032977903,4.119402985074627,9.292929292929292,6.0130718954248366
2026-03-07 23:44:54,3500.0,3339.0,3605.0,24.9,55,9.90990990990991,0.0,4.219204655674124,4.134328358208955,9.326599326599327,6.034858387799565
2026-03-07 23:59:54,3497.0,3336.0,3603.0,24.9,55,8.558558558558559,0.0,3.7342386032977903,4.149253731343284,9.36026936026936,6.056644880174292
2026-03-08 00:14:54,3497.0,3337.0,3605.0,24.9,55,8.558558558558559,0.0,4.219204655674124,4.164179104477612,9.393939393939394,6.07843137254902
2026-03-08 00:29:54,3501.0,3341.0,3608.0,24.9,55,10.36036036036036,0.0,4.946653734238624,4.17910447761194,9.427609427609427,6.1002178649237475
2026-03-08 00:44:55,3497.0,3325.0,3608.0,24.9,55,8.558558558558559,0.0,4.946653734238624,4.1940298507462686,9.461279461279462,6.122004357298476
2026-03-08 00:59:55,3508.0,3336.0,3607.0,24.9,56,13.513513513513514,0.0,4.704170708050458,4.208955223880597,9.494949494949495,6.143790849673203
2026-03-08 01:14:56,3526.0,3327.0,3611.0,24.9,56,21.62162162162162,0.0,5.674102812803125,4.223880597014925,9.528619528619528,6.16557734204793
2026-03-08 01:29:57,3547.0,3335.0,3609.0,24.9,56,31.08108108108108,0.0,5.18913676042679,4.2388059701492535,9.562289562289562,6.1873638344226585
2026-03-08 01:44:57,3559.0,3341.0,3621.0,24.9,56,36.486486486486484,0.0,8.098933074684792,4.253731343283582,9.595959595959595,6.209150326797386
2026-03-08 01:59:58,3551.0,3339.0,3625.0,24.9,56,32.88288288288289,0.0,9.06886517943746,4.268656716417911,9.62962962962963,6.230936819172114
2026-03-08 02:14:58,3548.0,3345.0,3655.0,25.0,57,31.53153153153153,0.0,16.343355965082463,4.2835820895522385,9.663299663299663,6.252723311546841
2026-03-08 02:29:59,3533.0,3359.0,3693.0,25.0,57,24.774774774774773,0.0,25.5577109602328,4.298507462686567,9.696969696969697,6.274509803921569
2026-03-08 02:45:00,3557.0,3341.0,3729.0,25.0,57,35.585585585585584,0.0,34.287099903006805,4.313432835820896,9.73063973063973,6.296296296296297
2026-03-08 03:00:01,3558.0,3337.0,3735.0,25.0,57,36.03603603603604,0.0,35.741998060135806,4.3283582089552235,9.764309764309765,6.318082788671024
2026-03-08 03:15:01,3559.0,3336.0,3763.0,25.0,57,36.486486486486484,0.0,42.53152279340448,4.343283582089552,9.797979797979798,6.339869281045752
2026-03-08 03:30:03,3557.0,3328.0,3817.0,25.0,57,35.585585585585584,0.0,55.62560620756548,4.358208955223881,9.831649831649832,6.3616557734204795
2026-03-08 03:45:03,3553.0,3339.0,3855.0,25.1,58,33.78378378378378,0.0,64.83996120271581,4.3731343283582085,9.865319865319865,6.383442265795208
2026-03-08 04:00:04,3543.0,3347.0,3875.0,25.1,58,29.27927927927928,0.0,69.68962172647916,4.388059701492537,9.8989898989899,6.405228758169935
2026-03-08 04:15:04,3557.0,3339.0,3837.0,25.1,58,35.585585585585584,0.0,60.475266731328816,4.402985074626866,9.932659932659933,6.427015250544662
2026-03-08 04:30:05,3557.0,3348.0,3765.0,25.1,58,35.585585585585584,0.0,43.016488845780806,4.417910447761194,9.966329966329965,6.4488017429193905
2026-03-08 04:45:05,3557.0,4095.0,3707.0,25.1,58,35.585585585585584,100.0,28.952473326867135,4.432835820895522,10.0,6.470588235294118
2026-03-08 05:00:07,3571.0,4095.0,3535.0,25.1,58,41.891891891891895,100.0,0.0,4.447761194029851,10.033670033670033,6.492374727668846
2026-03-08 05:15:10,3576.0,4095.0,3997.0,25.0,58,44.14414414414414,100.0,99.2725509214355,4.462686567164179,10.067340067340067,6.514161220043573
2026-03-08 05:30:12,3591.0,4095.0,3751.0,25.0,58,50.9009009009009,100.0,39.621726479146474,4.477611940298507,10.1010101010101,6.535947712418301
2026-03-08 05:45:13,3589.0,4095.0,3925.0,25.1,58,50.0,100.0,81.8137730358875,4.492537313432836,10.134680134680135,6.557734204793029
2026-03-08 06:00:13,3576.0,4095.0,3923.0,25.1,57,44.14414414414414,100.0,81.32880698351116,4.507462686567164,10.168350168350168,6.579520697167756
2026-03-08 06:15:14,3588.0,4095.0,3863.0,25.1,57,49.549549549549546,100.0,66.77982541222114,4.522388059701492,10.202020202020202,6.601307189542484
2026-03-08 06:30:15,3525.0,4095.0,3785.0,25.1,57,21.17117117117117,100.0,47.86614936954414,4.537313432835821,10.235690235690235,6.6230936819172115
2026-03-08 06:45:15,3511.0,4095.0,3819.0,25.1,58,14.864864864864865,100.0,56.11057225994182,4.552238805970149,10.26936026936027,6.64488017429194
2026-03-08 07:00:16,3501.0,4095.0,3813.0,25.0,58,10.36036036036036,100.0,54.65567410281281,4.567164179104478,10.303030303030303,6.666666666666667
2026-03-08 07:15:16,3500.0,4095.0,3800.0,25.0,58,9.90990990990991,100.0,51.50339476236665,4.582089552238806,10.336700336700337,6.688453159041395
2026-03-08 07:30:17,3514.0,4095.0,3819.0,25.0,58,16.216216216216218,100.0,56.11057225994182,4.597014925373134,10.37037037037037,6.710239651416122
2026-03-08 07:45:18,3532.0,4095.0,3839.0,24.9,59,24.324324324324326,100.0,60.96023278370515,4.611940298507463,10.404040404040403,6.73202614379085
2026-03-08 08:00:19,3566.0,4095.0,3871.0,24.9,59,39.63963963963964,100.0,68.71968962172649,4.626865671641791,10.437710437710438,6.753812636165578
2026-03-08 08:15:19,3590.0,4095.0,3963.0,24.9,59,50.45045045045045,100.0,91.02812803103782,4.641791044776119,10.47138047138047,6.775599128540305
2026-03-08 08:30:20,3567.0,4095.0,3883.0,24.9,59,40.090090090090094,100.0,71.62948593598448,4.656716417910448,10.505050505050505,6.797385620915033
2026-03-08 08:45:21,3572.0,4095.0,3949.0,24.9,59,42.34234234234234,100.0,87.6333656644035,4.671641791044776,10.538720538720538,6.819172113289761
2026-03-08 09:00:22,3571.0,4095.0,3755.0,24.9,59,41.891891891891895,100.0,40.59165858389914,4.686567164179104,10.572390572390573,6.840958605664488
2026-03-08 09:15:23,3543.0,4095.0,3752.0,24.9,59,29.27927927927928,100.0,39.86420950533464,4.701492537313433,10.606060606060606,6.862745098039216
2026-03-08 09:30:24,3529.0,4095.0,3747.0,24.9,59,22.972972972972975,100.0,38.6517943743938,4.7164179104477615,10.63973063973064,6.8845315904139435
2026-03-08 09:45:24,3502.0,4095.0,3741.0,24.9,59,10.81081081081081,100.0,37.19689621726481,4.731343283582089,10.673400673400673,6.906318082788672
2026-03-08 10:00:25,3508.0,4095.0,3741.0,24.9,59,13.513513513513514,100.0,37.19689621726481,4.746268656716418,10.707070707070708,6.928104575163399
2026-03-08 10:15:25,3509.0,4095.0,3743.0,24.9,59,13.963963963963963,100.0,37.68186226964114,4.7611940298507465,10.74074074074074,6.949891067538127
2026-03-08 10:30:26,3502.0,4095.0,3740.0,24.9,59,10.81081081081081,100.0,36.95441319107664,4.776119402985074,10.774410774410775,6.971677559912854
2026-03-08 10:45:27,3500.0,4095.0,3747.0,24.9,59,9.90990990990991,100.0,38.6517943743938,4.791044776119403,10.808080808080808,6.993464052287582
2026-03-08 11:00:27,3509.0,4095.0,3756.0,24.9,59,13.963963963963963,100.0,40.83414161008731,4.8059701492537314,10.84175084175084,7.01525054466231
2026-03-08 11:15:28,3515.0,4095.0,3784.0,24.9,59,16.666666666666664,100.0,47.62366634335598,4.820895522388059,10.875420875420875,7.037037037037037
2026-03-08 11:30:28,3503.0,4095.0,3803.0,24.9,59,11.26126126126126,100.0,52.23084384093114,4.835820895522388,10.909090909090908,7.058823529411765
2026-03-08 11:45:29,3502.0,4095.0,3805.0,24.9,59,10.81081081081081,100.0,52.71580989330747,4.850746268656716,10.942760942760943,7.080610021786493
2026-03-08 12:00:29,3504.0,4095.0,3815.0,25.0,59,11.711711711711711,100.0,55.140640155189146,4.865671641791045,10.976430976430976,7.102396514161221
2026-03-08 12:15:30,3497.0,4095.0,3832.0,25.0,59,8.558558558558559,100.0,59.262851600387975,4.880597014925373,11.01010101010101,7.124183006535948
2026-03-08 12:30:30,3497.0,4095.0,3865.0,25.0,59,8.558558558558559,100.0,67.26479146459748,4.895522388059701,11.043771043771043,7.1459694989106755
2026-03-08 12:45:32,3511.0,4095.0,3911.0,25.0,59,14.864864864864865,100.0,78.41901066925315,4.91044776119403,11.077441077441078,7.167755991285404
2026-03-08 13:00:32,3502.0,4095.0,3939.0,25.0,59,10.81081081081081,100.0,85.20853540252182,4.925373134328358,11.11111111111111,7.189542483660131
2026-03-08 13:28:51,3502.0,4095.0,3928.0,25.2,59,10.81081081081081,100.0,82.541222114452,4.940298507462686,11.144781144781145,7.211328976034859
2026-03-08 13:43:52,3501.0,4095.0,3939.0,25.2,59,10.36036036036036,100.0,85.20853540252182,4.955223880597015,11.178451178451178,7.233115468409586
2026-03-08 13:58:54,3525.5,4095.0,3926.0,25.1,59,21.396396396396398,100.0,82.05625606207566,4.970149253731343,11.212121212121211,7.254901960784314
2026-03-08 14:13:54,3550.0,4095.0,3913.0,25.1,59,32.432432432432435,100.0,78.90397672162949,4.985074626865671,11.245791245791246,7.276688453159042
2026-03-08 14:31:04,3574.5,4095.0,3900.0,25.2,57,43.468468468468465,100.0,75.75169738118332,5.0,11.279461279461279,7.298474945533769
2026-03-08 14:46:05,3599.0,4095.0,3887.0,25.2,57,54.5045045045045,100.0,72.59941804073715,5.014925373134329,11.313131313131313,7.320261437908497
2026-03-08 15:01:07,3589.0,4095.0,3872.0,25.2,57,50.0,100.0,68.96217264791466,5.029850746268656,11.346801346801346,7.342047930283225
2026-03-08 15:16:08,3539.0,3902.0,3928.0,25.1,57,27.47747747747748,80.62858272385847,82.541222114452,5.044776119402985,11.38047138047138,7.363834422657953
2026-03-08 15:31:08,3530.0,4095.0,3960.0,25.1,57,23.423423423423422,100.0,90.30067895247333,5.059701492537314,11.414141414141413,7.38562091503268
2026-03-08 15:46:09,3519.0,4095.0,3963.0,25.2,57,18.46846846846847,100.0,91.02812803103782,5.074626865671641,11.447811447811448,7.407407407407407
2026-03-08 16:01:09,3513.0,4095.0,3951.0,25.1,57,15.765765765765765,100.0,88.11833171677984,5.08955223880597,11.481481481481481,7.429193899782136
2026-03-08 16:16:10,3476.0,4095.0,3944.0,25.0,56,0.0,100.0,86.42095053346266,5.104477611940299,11.515151515151516,7.450980392156863
2026-03-08 16:31:10,3449.0,4095.0,3942.0,25.0,56,0.0,100.0,85.93598448108632,5.119402985074627,11.548821548821548,7.472766884531591
2026-03-08 16:46:11,3454.0,4095.0,3935.0,24.9,55,0.0,100.0,84.23860329776916,5.134328358208955,11.582491582491583,7.494553376906318
2026-03-08 17:01:12,3463.0,4095.0,3923.0,24.8,55,0.0,100.0,81.32880698351116,5.149253731343284,11.616161616161616,7.516339869281047
2026-03-08 17:16:13,3497.0,4095.0,3923.0,24.8,55,8.558558558558559,100.0,81.32880698351116,5.164179104477612,11.649831649831649,7.538126361655774
2026-03-08 17:31:14,3539.0,4095.0,3929.0,24.8,55,27.47747747747748,100.0,82.78370514064017,5.17910447761194,11.683501683501683,7.559912854030501
2026-03-08 17:46:15,3566.0,4095.0,3915.0,24.8,55,39.63963963963964,100.0,79.38894277400583,5.1940298507462686,11.717171717171716,7.581699346405229
2026-03-08 18:01:16,3577.0,4095.0,3646.0,24.8,55,44.5945945945946,100.0,14.161008729388962,5.208955223880597,11.75084175084175,7.603485838779957
2026-03-08 18:16:17,3575.0,3913.0,3453.0,24.8,56,43.69369369369369,82.80292547934374,0.0,5.223880597014925,11.784511784511784,7.625272331154685
2026-03-08 18:31:19,3590.0,3867.0,3533.0,24.8,56,50.45045045045045,73.71021941095078,0.0,5.2388059701492535,11.818181818181818,7.647058823529412
2026-03-08 18:46:19,3599.0,3725.0,3755.0,24.7,56,54.5045045045045,45.64143111286816,40.59165858389914,5.253731343283582,11.851851851851851,7.668845315904139
2026-03-08 19:01:20,3604.0,3629.0,3915.0,24.7,56,56.75675675675676,26.66534888317851,79.38894277400583,5.268656716417911,11.885521885521886,7.690631808278868
2026-03-08 19:16:21,3603.0,4095.0,3931.0,24.7,56,56.30630630630631,100.0,83.2686711930165,5.2835820895522385,11.919191919191919,7.712418300653595
2026-03-08 19:31:21,3607.0,4095.0,3932.0,24.7,56,58.108108108108105,100.0,83.51115421920467,5.298507462686567,11.952861952861953,7.734204793028323
2026-03-08 19:46:22,3608.0,4095.0,3932.0,24.6,56,58.55855855855856,100.0,83.51115421920467,5.313432835820896,11.986531986531986,7.75599128540305
2026-03-08 20:01:23,3613.0,4095.0,3933.0,24.6,57,60.810810810810814,100.0,83.75363724539284,5.3283582089552235,12.02020202020202,7.777777777777779
2026-03-08 20:16:23,3606.0,4095.0,3932.0,24.6,57,57.65765765765766,100.0,83.51115421920467,5.343283582089552,12.053872053872054,7.799564270152506
2026-03-08 20:31:24,3609.0,4095.0,3934.0,24.6,57,59.009009009009006,100.0,83.99612027158099,5.358208955223881,12.087542087542086,7.821350762527233
2026-03-08 20:46:25,3589.0,4095.0,3935.0,24.6,57,50.0,100.0,84.23860329776916,5.3731343283582085,12.121212121212121,7.843137254901961
2026-03-08 21:01:26,3566.0,4095.0,3935.0,24.6,57,39.63963963963964,100.0,84.23860329776916,5.388059701492537,12.154882154882154,7.864923747276689
2026-03-08 21:16:26,3579.0,4095.0,3935.0,24.6,57,45.4954954954955,100.0,84.23860329776916,5.402985074626866,12.188552188552189,7.886710239651417
2026-03-08 21:31:27,3603.0,4095.0,3903.0,24.6,57,56.30630630630631,100.0,76.47914645974782,5.417910447761194,12.222222222222221,7.908496732026144
2026-03-08 21:46:28,3606.0,4095.0,3931.0,24.6,57,57.65765765765766,100.0,83.2686711930165,5.432835820895522,12.255892255892256,7.930283224400872
2026-03-08 22:01:28,3622.0,4095.0,3939.0,24.6,57,64.86486486486487,100.0,85.20853540252182,5.447761194029851,12.289562289562289,7.9520697167756
2026-03-08 22:16:29,3628.0,4095.0,3945.0,24.6,57,67.56756756756756,100.0,86.66343355965083,5.462686567164179,12.323232323232324,7.973856209150327
2026-03-08 22:31:29,3615.0,4095.0,3943.0,24.6,56,61.711711711711715,100.0,86.17846750727449,5.477611940298507,12.356902356902356,7.995642701525055
2026-03-08 22:46:30,3601.0,4095.0,3939.0,24.6,56,55.4054054054054,100.0,85.20853540252182,5.492537313432836,12.390572390572391,8.017429193899783
2026-03-08 23:01:31,3601.0,4095.0,3938.0,24.7,56,55.4054054054054,100.0,84.96605237633365,5.507462686567164,12.424242424242424,8.03921568627451
2026-03-08 23:16:31,3607.0,4095.0,3927.0,24.7,56,58.108108108108105,100.0,82.29873908826383,5.522388059701492,12.457912457912458,8.061002178649238
2026-03-08 23:31:32,3606.0,4095.0,3925.0,24.8,56,57.65765765765766,100.0,81.8137730358875,5.537313432835821,12.491582491582491,8.082788671023966
2026-03-08 23:46:32,3621.0,4095.0,3921.0,24.8,57,64.41441441441441,100.0,80.84384093113482,5.552238805970149,12.525252525252524,8.104575163398692
2026-03-09 00:01:32,3614.0,4095.0,3921.0,24.8,57,61.261261261261254,100.0,80.84384093113482,5.567164179104478,12.558922558922559,8.12636165577342
2026-03-09 00:16:32,3622.0,4095.0,3928.0,24.8,57,64.86486486486487,100.0,82.541222114452,5.582089552238806,12.592592592592592,8.148148148148149
2026-03-09 00:31:33,3619.0,4095.0,3923.0,24.8,57,63.51351351351351,100.0,81.32880698351116,5.597014925373134,12.626262626262626,8.169934640522877
2026-03-09 00:46:34,3621.0,4095.0,3903.0,24.8,57,64.41441441441441,100.0,76.47914645974782,5.611940298507463,12.65993265993266,8.191721132897603
2026-03-09 01:01:34,3623.0,4095.0,3868.0,24.8,57,65.31531531531532,100.0,67.99224054316198,5.626865671641791,12.693602693602694,8.213507625272332
2026-03-09 01:16:35,3613.0,4095.0,3902.0,24.8,57,60.810810810810814,100.0,76.23666343355966,5.641791044776119,12.727272727272727,8.23529411764706
2026-03-09 01:31:37,3631.0,4095.0,3817.0,24.8,57,68.91891891891892,100.0,55.62560620756548,5.656716417910448,12.760942760942761,8.257080610021786
2026-03-09 01:46:37,3644.0,4095.0,3529.0,24.9,58,74.77477477477478,100.0,0.0,5.671641791044776,12.794612794612794,8.278867102396514
2026-03-09 02:01:38,3629.0,4095.0,3592.0,24.9,58,68.01801801801803,100.0,1.0669253152279559,5.686567164179104,12.828282828282829,8.300653594771243
2026-03-09 02:16:39,3630.0,4095.0,3891.0,24.9,58,68.46846846846847,100.0,73.56935014548982,5.701492537313433,12.861952861952862,8.32244008714597
2026-03-09 02:31:41,3627.0,3727.0,3895.0,24.9,58,67.11711711711712,46.03676615932004,74.5392822502425,5.7164179104477615,12.895622895622896,8.344226579520697
2026-03-09 02:46:41,3637.0,3871.0,3892.0,24.9,58,71.62162162162163,74.50088950385452,73.81183317167799,5.731343283582089,12.929292929292929,8.366013071895425
2026-03-09 03:01:42,3625.0,3951.0,3901.0,24.9,58,66.21621621621621,90.31429136192924,75.99418040737149,5.746268656716418,12.962962962962962,8.387799564270153
2026-03-09 03:16:42,3628.0,3673.0,3913.0,24.9,58,67.56756756756756,35.3627199051196,78.90397672162949,5.7611940298507465,12.996632996632997,8.40958605664488
2026-03-09 03:31:43,3643.0,3855.0,3913.0,25.0,59,74.32432432432432,71.33820913223958,78.90397672162949,5.776119402985074,13.03030303030303,8.431372549019608
2026-03-09 03:46:44,3635.0,3869.0,3927.0,25.0,59,70.72072072072072,74.10555445740266,82.29873908826383,5.791044776119403,13.063973063973064,8.453159041394336
2026-03-09 04:01:44,3639.0,3769.0,3941.0,25.0,59,72.52252252252252,54.338802134809264,85.69350145489815,5.8059701492537314,13.097643097643097,8.474945533769064
2026-03-09 04:16:45,3632.0,4089.0,3887.0,25.0,59,69.36936936936937,100.0,72.59941804073715,5.820895522388059,13.131313131313131,8.49673202614379
2026-03-09 04:31:45,3625.0,3305.0,3757.0,25.0,59,66.21621621621621,0.0,41.07662463627547,5.835820895522388,13.164983164983164,8.518518518518519
2026-03-09 04:46:45,3628.0,3373.0,3691.0,25.0,59,67.56756756756756,0.0,25.072744907856464,5.850746268656716,13.198653198653199,8.540305010893247
2026-03-09 05:01:46,3641.0,3493.0,3747.0,24.9,59,73.42342342342343,0.0,38.6517943743938,5.865671641791045,13.232323232323232,8.562091503267974
2026-03-09 05:16:48,3639.0,3340.0,3903.0,24.9,59,72.52252252252252,0.0,76.47914645974782,5.880597014925373,13.265993265993266,8.583877995642702
2026-03-09 05:31:48,3638.0,3245.0,3932.0,24.9,58,72.07207207207207,0.0,83.51115421920467,5.895522388059701,13.2996632996633,8.60566448801743
2026-03-09 05:46:49,3637.0,3245.0,3815.0,24.8,58,71.62162162162163,0.0,55.140640155189146,5.91044776119403,13.333333333333334,8.627450980392158
2026-03-09 06:01:50,3641.0,3364.0,3923.0,24.8,58,73.42342342342343,0.0,81.32880698351116,5.925373134328358,13.367003367003367,8.649237472766885
2026-03-09 06:16:50,3631.0,3611.0,3929.0,24.9,58,68.91891891891892,23.107333465111697,82.78370514064017,5.940298507462686,13.4006734006734,8.671023965141613
2026-03-09 06:31:50,3635.0,3699.0,3893.0,24.9,58,70.72072072072072,40.50207550899388,74.05431619786616,5.955223880597015,13.434343434343434,8.692810457516341
2026-03-09 06:46:51,3639.0,3688.0,3961.0,24.9,58,72.52252252252252,38.327732753508606,90.54316197866149,5.970149253731343,13.468013468013467,8.714596949891067
2026-03-09 07:01:51,3636.0,3877.0,3963.0,24.9,58,71.17117117117117,75.68689464321012,91.02812803103782,5.985074626865671,13.501683501683502,8.736383442265796
2026-03-09 07:16:52,3625.0,4095.0,3961.0,24.9,58,66.21621621621621,100.0,90.54316197866149,6.0,13.535353535353535,8.758169934640524
2026-03-09 07:31:52,3623.0,4095.0,3967.0,24.8,58,65.31531531531532,100.0,91.9980601357905,6.014925373134329,13.56902356902357,8.779956427015252
2026-03-09 07:46:53,3626.0,4095.0,3968.0,24.8,58,66.66666666666666,100.0,92.24054316197866,6.029850746268656,13.602693602693602,8.801742919389978
2026-03-09 08:01:54,3624.0,4095.0,3965.0,24.8,58,65.76576576576578,100.0,91.51309408341416,6.044776119402985,13.636363636363637,8.823529411764707
2026-03-09 08:16:55,3627.0,3819.0,3959.0,24.8,58,67.11711711711712,64.22217829610595,90.05819592628517,6.059701492537314,13.67003367003367,8.845315904139435
2026-03-09 08:31:56,3621.0,3644.0,3931.0,24.8,58,64.41441441441441,29.63036173156752,83.2686711930165,6.074626865671641,13.703703703703704,8.867102396514161
2026-03-09 08:46:56,3616.0,3631.0,3921.0,24.8,58,62.16216216216216,27.060683929630375,80.84384093113482,6.08955223880597,13.737373737373737,8.88888888888889
2026-03-09 09:01:57,3611.0,3899.0,3941.0,24.8,58,59.909909909909906,80.03558015418068,85.69350145489815,6.104477611940299,13.771043771043772,8.910675381263617
2026-03-09 09:16:58,3611.0,3909.0,3955.0,24.8,58,59.909909909909906,82.01225538644002,89.0882638215325,6.119402985074626,13.804713804713804,8.932461873638344
2026-03-09 09:31:58,3616.0,4095.0,3945.0,24.8,58,62.16216216216216,100.0,86.66343355965083,6.134328358208955,13.838383838383837,8.954248366013072
2026-03-09 09:46:59,3590.0,4095.0,3948.0,24.8,59,50.45045045045045,100.0,87.39088263821533,6.149253731343284,13.872053872053872,8.9760348583878
2026-03-09 10:02:00,3619.0,4095.0,3921.0,24.8,59,63.51351351351351,100.0,80.84384093113482,6.164179104477612,13.905723905723905,8.997821350762528
2026-03-09 10:17:00,3625.0,4095.0,3887.0,24.7,59,66.21621621621621,100.0,72.59941804073715,6.17910447761194,13.93939393939394,9.019607843137255
2026-03-09 10:32:01,3630.0,4095.0,3869.0,24.7,59,68.46846846846847,100.0,68.23472356935015,6.1940298507462686,13.973063973063972,9.041394335511983
2026-03-09 10:47:01,3629.0,4095.0,3891.0,24.8,59,68.01801801801803,100.0,73.56935014548982,6.208955223880597,14.006734006734007,9.063180827886711
2026-03-09 11:02:02,3628.0,4095.0,3929.0,24.8,59,67.56756756756756,100.0,82.78370514064017,6.223880597014925,14.04040404040404,9.084967320261438
2026-03-09 11:17:03,3627.0,4095.0,3919.0,24.8,59,67.11711711711712,100.0,80.35887487875848,6.2388059701492535,14.074074074074074,9.106753812636166
2026-03-09 11:32:04,3635.0,4095.0,3935.0,24.8,59,70.72072072072072,100.0,84.23860329776916,6.253731343283582,14.107744107744107,9.128540305010894
2026-03-09 11:47:04,3627.0,4095.0,3935.0,24.8,59,67.11711711711712,100.0,84.23860329776916,6.26865671641791,14.141414141414142,9.150326797385622
2026-03-09 12:02:05,3555.0,4095.0,3769.0,24.8,59,34.68468468468468,100.0,43.98642095053347,6.2835820895522385,14.175084175084175,9.172113289760349
2026-03-09 12:17:06,3560.0,4095.0,3629.0,24.8,59,36.93693693693694,100.0,10.038797284190126,6.298507462686567,14.20875420875421,9.193899782135077
2026-03-09 12:32:07,3575.0,4095.0,3573.0,24.8,59,43.69369369369369,100.0,0.0,6.313432835820896,14.242424242424242,9.215686274509805
2026-03-09 12:47:08,3613.0,4095.0,3567.0,24.8,59,60.810810810810814,100.0,0.0,6.3283582089552235,14.276094276094275,9.237472766884531
2026-03-09 13:02:09,3640.0,4095.0,3555.0,24.8,59,72.97297297297297,100.0,0.0,6.343283582089552,14.30976430976431,9.25925925925926
2026-03-09 13:17:10,3637.0,4095.0,3532.0,24.8,58,71.62162162162163,100.0,0.0,6.358208955223881,14.343434343434343,9.281045751633988
2026-03-09 13:32:12,3631.0,4095.0,3628.0,24.8,58,68.91891891891892,100.0,9.79631425800196,6.3731343283582085,14.377104377104377,9.302832244008716
2026-03-09 13:47:13,3623.0,4095.0,3755.0,24.8,58,65.31531531531532,100.0,40.59165858389914,6.388059701492537,14.41077441077441,9.324618736383442
2026-03-09 14:02:14,3623.0,4095.0,3859.0,24.7,58,65.31531531531532,100.0,65.80989330746849,6.402985074626866,14.444444444444445,9.34640522875817
2026-03-09 14:17:17,3623.0,4095.0,3887.0,24.7,58,65.31531531531532,100.0,72.59941804073715,6.417910447761194,14.478114478114477,9.368191721132899
2026-03-09 14:32:18,3615.0,4095.0,3929.0,24.7,58,61.711711711711715,100.0,82.78370514064017,6.432835820895522,14.511784511784512,9.389978213507625
2026-03-09 14:47:21,3631.0,4095.0,3943.0,24.7,58,68.91891891891892,100.0,86.17846750727449,6.447761194029851,14.545454545454545,9.411764705882353
2026-03-09 15:02:22,3628.0,4095.0,3927.0,24.7,58,67.56756756756756,100.0,82.29873908826383,6.462686567164179,14.57912457912458,9.433551198257081
2026-03-09 15:17:25,3628.0,4095.0,3787.0,24.7,58,67.56756756756756,100.0,48.351115421920476,6.477611940298507,14.612794612794612,9.45533769063181
2026-03-09 15:32:26,3627.0,4095.0,3743.0,24.7,58,67.11711711711712,100.0,37.68186226964114,6.492537313432836,14.646464646464647,9.477124183006536
2026-03-09 15:47:27,3627.0,4089.0,3723.0,24.7,58,67.11711711711712,100.0,32.8322017458778,6.507462686567164,14.68013468013468,9.498910675381264
2026-03-09 16:02:28,3593.0,3883.0,3639.0,24.6,58,51.80180180180181,76.87289978256572,12.463627546071795,6.522388059701492,14.713804713804713,9.520697167755992
2026-03-09 16:17:29,3591.0,3567.0,3639.0,24.6,58,50.9009009009009,14.4099624431706,12.463627546071795,6.537313432835821,14.747474747474747,9.542483660130719
2026-03-09 16:32:30,3580.0,3643.0,3631.0,24.6,58,45.94594594594595,29.43269420834158,10.52376333656646,6.552238805970149,14.78114478114478,9.564270152505447
2026-03-09 16:47:30,3597.0,4095.0,3631.0,24.6,58,53.6036036036036,100.0,10.52376333656646,6.567164179104478,14.814814814814815,9.586056644880175
2026-03-09 17:02:31,3599.0,4095.0,3729.0,24.6,58,54.5045045045045,100.0,34.287099903006805,6.582089552238806,14.848484848484848,9.607843137254903
2026-03-09 17:17:32,3604.0,4095.0,3655.0,24.6,57,56.75675675675676,100.0,16.343355965082463,6.597014925373134,14.882154882154882,9.62962962962963
2026-03-09 17:32:34,3560.0,4095.0,3647.0,24.6,57,36.93693693693694,100.0,14.403491755577127,6.611940298507463,14.915824915824915,9.651416122004358
2026-03-09 17:47:37,3507.0,4095.0,3564.0,24.6,57,13.063063063063062,100.0,0.0,6.626865671641791,14.94949494949495,9.673202614379086
2026-03-09 18:02:38,3534.0,4095.0,3723.0,24.6,57,25.225225225225223,100.0,32.8322017458778,6.641791044776119,14.983164983164983,9.694989106753813
2026-03-09 18:17:39,3558.0,4095.0,3751.0,24.7,57,36.03603603603604,100.0,39.621726479146474,6.656716417910448,15.016835016835017,9.71677559912854
2026-03-09 18:32:41,3612.0,4095.0,3681.0,24.7,57,60.36036036036037,100.0,22.647914645974797,6.671641791044776,15.05050505050505,9.738562091503269
2026-03-09 18:47:42,3608.0,4095.0,3611.0,24.7,57,58.55855855855856,100.0,5.674102812803125,6.686567164179104,15.084175084175083,9.760348583877995
2026-03-09 19:02:43,3529.0,4095.0,3555.0,24.7,57,22.972972972972975,100.0,0.0,6.701492537313433,15.117845117845118,9.782135076252723
2026-03-09 19:17:46,3565.0,4095.0,3545.0,24.7,57,39.189189189189186,100.0,0.0,6.7164179104477615,15.15151515151515,9.803921568627452
2026-03-09 19:32:47,3501.0,4095.0,3609.0,24.7,56,10.36036036036036,100.0,5.18913676042679,6.731343283582089,15.185185185185185,9.82570806100218
2026-03-09 19:47:50,3499.0,4095.0,3959.0,24.7,56,9.45945945945946,100.0,90.05819592628517,6.746268656716418,15.218855218855218,9.847494553376906
2026-03-09 20:02:52,3496.0,4095.0,3944.0,24.7,56,8.108108108108109,100.0,86.42095053346266,6.7611940298507465,15.252525252525253,9.869281045751634
2026-03-09 20:17:52,3495.0,4095.0,3897.0,24.7,56,7.657657657657657,100.0,75.02424830261883,6.776119402985074,15.286195286195285,9.891067538126363
2026-03-09 20:32:53,3503.0,4095.0,3639.0,24.7,56,11.26126126126126,100.0,12.463627546071795,6.791044776119403,15.31986531986532,9.912854030501089
2026-03-09 20:47:54,3498.0,4095.0,3615.0,24.7,56,9.00900900900901,100.0,6.644034917555791,6.8059701492537314,15.353535353535353,9.934640522875817
2026-03-09 21:02:55,3508.0,4095.0,3611.0,24.7,56,13.513513513513514,100.0,5.674102812803125,6.820895522388059,15.387205387205388,9.956427015250545
2026-03-09 21:17:55,3496.0,4095.0,3673.0,24.7,56,8.108108108108109,100.0,20.708050436469463,6.835820895522388,15.42087542087542,9.978213507625274
2026-03-09 21:32:56,3507.0,4095.0,4007.0,24.7,56,13.063063063063062,100.0,100.0,6.850746268656716,15.454545454545455,10.0
2026-03-09 21:47:56,3535.0,4095.0,3985.0,24.7,56,25.675675675675674,100.0,96.36275460717751,6.865671641791045,15.488215488215488,10.021786492374728
2026-03-09 22:02:57,3503.0,4095.0,4025.0,24.8,56,11.26126126126126,100.0,100.0,6.880597014925373,15.52188552188552,10.043572984749456
2026-03-09 22:17:58,3500.0,4095.0,3861.0,24.8,56,9.90990990990991,100.0,66.29485935984482,6.895522388059701,15.555555555555555,10.065359477124183
2026-03-09 22:32:59,3504.0,4095.0,3723.0,24.8,56,11.711711711711711,100.0,32.8322017458778,6.91044776119403,15.589225589225588,10.087145969498911
2026-03-09 22:48:01,3534.0,4095.0,3697.0,24.9,56,25.225225225225223,100.0,26.52764306498547,6.925373134328358,15.622895622895623,10.10893246187364
2026-03-09 23:03:01,3545.0,4095.0,3721.0,24.9,56,30.180180180180184,100.0,32.34723569350147,6.940298507462686,15.656565656565656,10.130718954248367
2026-03-09 23:18:02,3543.0,4095.0,3935.0,25.0,56,29.27927927927928,100.0,84.23860329776916,6.955223880597015,15.69023569023569,10.152505446623094
2026-03-09 23:33:03,3594.0,4095.0,3955.0,25.0,57,52.25225225225225,100.0,89.0882638215325,6.970149253731343,15.723905723905723,10.174291938997822
2026-03-09 23:48:03,3601.0,4095.0,3999.0,25.0,57,55.4054054054054,100.0,99.75751697381183,6.985074626865671,15.757575757575758,10.19607843137255
2026-03-10 00:03:04,3603.0,4095.0,4026.0,25.0,57,56.30630630630631,100.0,100.0,7.0,15.79124579124579,10.217864923747277
2026-03-10 00:18:04,3644.0,4095.0,3657.0,25.1,57,74.77477477477478,100.0,16.828322017458795,7.014925373134329,15.824915824915825,10.239651416122005
2026-03-10 00:33:05,3643.0,4095.0,3767.0,25.1,57,74.32432432432432,100.0,43.50145489815714,7.029850746268656,15.858585858585858,10.261437908496733
2026-03-10 00:48:05,3652.0,4095.0,3821.0,25.2,58,78.37837837837837,100.0,56.59553831231815,7.044776119402985,15.892255892255893,10.283224400871461
2026-03-10 01:03:06,3655.0,4095.0,3769.0,25.2,58,79.72972972972973,100.0,43.98642095053347,7.059701492537314,15.925925925925926,10.305010893246187
2026-03-10 01:18:07,3653.0,4095.0,3641.0,25.3,58,78.82882882882883,100.0,12.948593598448127,7.074626865671641,15.959595959595958,10.326797385620916
2026-03-10 01:33:07,3652.0,4095.0,3591.0,25.3,58,78.37837837837837,100.0,0.824442289039789,7.08955223880597,15.993265993265993,10.348583877995644
2026-03-10 01:48:08,3644.0,4085.0,3423.0,25.3,59,74.77477477477478,100.0,0.0,7.104477611940299,16.026936026936028,10.37037037037037
2026-03-10 02:03:08,3640.0,4023.0,3054.0,25.2,59,72.97297297297297,100.0,0.0,7.119402985074626,16.06060606060606,10.392156862745098
2026-03-10 02:18:09,3644.0,4095.0,3273.0,25.2,60,74.77477477477478,100.0,0.0,7.134328358208955,16.094276094276093,10.413943355119827
2026-03-10 02:33:10,3644.0,4095.0,3127.0,25.2,60,74.77477477477478,100.0,0.0,7.149253731343284,16.127946127946128,10.435729847494555
2026-03-10 02:48:10,3638.0,4095.0,3161.0,25.2,60,72.07207207207207,100.0,0.0,7.164179104477612,16.161616161616163,10.457516339869281
2026-03-10 03:03:11,3640.0,4095.0,2937.0,25.2,61,72.97297297297297,100.0,0.0,7.17910447761194,16.195286195286194,10.47930283224401
2026-03-10 03:18:11,3652.0,4095.0,2873.0,25.2,61,78.37837837837837,100.0,0.0,7.1940298507462686,16.22895622895623,10.501089324618738
2026-03-10 03:33:12,3645.0,4095.0,2876.0,25.2,61,75.22522522522522,100.0,0.0,7.208955223880597,16.262626262626263,10.522875816993464
2026-03-10 03:48:15,3646.0,4095.0,2953.0,25.2,61,75.67567567567568,100.0,0.0,7.223880597014925,16.296296296296298,10.544662309368192
2026-03-10 04:03:15,3647.0,4095.0,3135.0,25.2,61,76.12612612612612,100.0,0.0,7.2388059701492535,16.32996632996633,10.56644880174292
2026-03-10 04:18:16,3639.0,4095.0,3064.0,25.2,61,72.52252252252252,100.0,0.0,7.253731343283582,16.363636363636363,10.588235294117649
2026-03-10 04:33:16,3647.0,4095.0,2941.0,25.2,61,76.12612612612612,100.0,0.0,7.26865671641791,16.397306397306398,10.610021786492375
2026-03-10 04:48:18,3655.0,4095.0,2885.0,25.1,61,79.72972972972973,100.0,0.0,7.2835820895522385,16.43097643097643,10.631808278867103
2026-03-10 05:03:18,3653.0,4095.0,2937.0,25.1,61,78.82882882882883,100.0,0.0,7.298507462686567,16.464646464646464,10.653594771241831
2026-03-10 05:18:19,3641.0,4095.0,2965.0,25.1,61,73.42342342342343,100.0,0.0,7.313432835820896,16.4983164983165,10.675381263616558
2026-03-10 05:33:19,3621.0,4095.0,2969.0,25.1,61,64.41441441441441,100.0,0.0,7.3283582089552235,16.531986531986533,10.697167755991286
2026-03-10 05:48:20,3614.0,4095.0,2941.0,25.1,61,61.261261261261254,100.0,0.0,7.343283582089552,16.565656565656564,10.718954248366014
2026-03-10 06:03:21,3627.0,4095.0,2920.0,25.1,61,67.11711711711712,100.0,0.0,7.358208955223881,16.5993265993266,10.74074074074074
2026-03-10 06:18:22,3626.0,4095.0,2899.0,25.1,61,66.66666666666666,100.0,0.0,7.3731343283582085,16.632996632996633,10.762527233115469
2026-03-10 06:33:23,3621.0,4095.0,2877.0,25.1,61,64.41441441441441,100.0,0.0,7.388059701492537,16.666666666666668,10.784313725490197
2026-03-10 06:48:23,3608.0,4095.0,2877.0,25.1,61,58.55855855855856,100.0,0.0,7.402985074626866,16.7003367003367,10.806100217864925
2026-03-10 07:03:23,3602.0,4095.0,2877.0,25.1,61,55.85585585585585,100.0,0.0,7.4179104477611935,16.734006734006734,10.827886710239651
2026-03-10 07:18:25,3604.0,4095.0,2897.0,25.1,61,56.75675675675676,100.0,0.0,7.432835820895522,16.767676767676768,10.84967320261438
2026-03-10 07:33:25,3607.0,4095.0,2931.0,25.1,62,58.108108108108105,100.0,0.0,7.447761194029851,16.801346801346803,10.871459694989108
2026-03-10 07:48:25,3615.0,4095.0,2983.0,25.1,62,61.711711711711715,100.0,0.0,7.462686567164179,16.835016835016834,10.893246187363834
2026-03-10 08:03:26,3623.0,4095.0,3509.0,25.1,62,65.31531531531532,100.0,0.0,7.477611940298507,16.86868686868687,10.915032679738562
2026-03-10 08:18:26,3628.0,4095.0,3879.0,25.1,62,67.56756756756756,100.0,70.65955383123182,7.492537313432836,16.902356902356903,10.93681917211329
2026-03-10 08:33:27,3630.0,4095.0,3877.0,25.1,62,68.46846846846847,100.0,70.1745877788555,7.507462686567164,16.936026936026934,10.958605664488019
2026-03-10 08:48:28,3640.0,4095.0,3815.0,25.1,62,72.97297297297297,100.0,55.140640155189146,7.522388059701492,16.96969696969697,10.980392156862745
2026-03-10 09:03:29,3631.0,4095.0,3003.0,25.1,62,68.91891891891892,100.0,0.0,7.537313432835821,17.003367003367003,11.002178649237473
2026-03-10 09:18:34,3629.0,4095.0,2981.0,25.1,62,68.01801801801803,100.0,0.0,7.552238805970149,17.037037037037038,11.023965141612202
2026-03-10 09:33:35,3639.0,4095.0,2965.0,25.1,62,72.52252252252252,100.0,0.0,7.567164179104477,17.07070707070707,11.045751633986928
2026-03-10 09:48:36,3627.0,4095.0,2969.0,25.1,62,67.11711711711712,100.0,0.0,7.582089552238806,17.104377104377104,11.067538126361656
2026-03-10 10:03:36,3623.0,4095.0,3093.0,25.1,62,65.31531531531532,100.0,0.0,7.597014925373134,17.13804713804714,11.089324618736384
2026-03-10 10:18:37,3610.0,4095.0,3108.0,25.1,62,59.45945945945946,100.0,0.0,7.611940298507463,17.171717171717173,11.111111111111112
2026-03-10 10:33:37,3607.0,4095.0,3055.0,25.1,62,58.108108108108105,100.0,0.0,7.626865671641791,17.205387205387204,11.132897603485839
2026-03-10 10:48:38,3611.0,4095.0,3115.0,25.1,62,59.909909909909906,100.0,0.0,7.641791044776119,17.23905723905724,11.154684095860567
2026-03-10 11:03:38,3628.0,4095.0,3181.0,25.0,62,67.56756756756756,100.0,0.0,7.656716417910448,17.272727272727273,11.176470588235295
2026-03-10 11:18:39,3619.0,4095.0,3241.0,25.0,62,63.51351351351351,100.0,0.0,7.671641791044776,17.306397306397304,11.198257080610022
2026-03-10 11:33:40,3615.0,4095.0,3282.0,25.0,61,61.711711711711715,100.0,0.0,7.686567164179104,17.34006734006734,11.22004357298475
2026-03-10 11:48:40,3612.0,4095.0,3311.0,25.1,61,60.36036036036037,100.0,0.0,7.701492537313433,17.373737373737374,11.241830065359478
2026-03-10 12:03:41,3613.0,4095.0,3366.0,25.1,61,60.810810810810814,100.0,0.0,7.7164179104477615,17.40740740740741,11.263616557734206
2026-03-10 12:18:42,3613.0,4095.0,3414.0,25.1,61,60.810810810810814,100.0,0.0,7.731343283582089,17.44107744107744,11.285403050108933
2026-03-10 12:33:43,3606.0,4095.0,3431.0,25.1,61,57.65765765765766,100.0,0.0,7.746268656716418,17.474747474747474,11.30718954248366
2026-03-10 12:48:43,3602.0,4095.0,3449.0,25.2,61,55.85585585585585,100.0,0.0,7.7611940298507465,17.50841750841751,11.328976034858389
2026-03-10 13:03:45,3598.0,4095.0,3453.0,25.2,61,54.054054054054056,100.0,0.0,7.776119402985074,17.542087542087543,11.350762527233115
2026-03-10 13:18:46,3588.0,4095.0,3485.0,25.2,61,49.549549549549546,100.0,0.0,7.791044776119403,17.575757575757574,11.372549019607844
2026-03-10 13:33:50,3590.0,4095.0,3531.0,25.2,61,50.45045045045045,100.0,0.0,7.8059701492537314,17.60942760942761,11.394335511982572
2026-03-10 13:48:52,3592.0,4095.0,3513.0,25.3,61,51.35135135135135,100.0,0.0,7.820895522388059,17.643097643097644,11.4161220043573
2026-03-10 14:03:56,3596.0,4095.0,3501.0,25.3,61,53.153153153153156,100.0,0.0,7.835820895522388,17.676767676767675,11.437908496732026
2026-03-10 14:18:57,3596.0,4095.0,3685.0,25.3,61,53.153153153153156,100.0,23.617846750727466,7.850746268656716,17.71043771043771,11.459694989106755
2026-03-10 14:33:59,3604.0,4095.0,3771.0,25.3,61,56.75675675675676,100.0,44.47138700290981,7.865671641791045,17.744107744107744,11.481481481481483
2026-03-10 14:49:02,3596.0,4095.0,3863.0,25.3,61,53.153153153153156,100.0,66.77982541222114,7.880597014925373,17.77777777777778,11.50326797385621
2026-03-10 15:04:03,3605.0,4095.0,3445.0,25.3,61,57.20720720720721,100.0,0.0,7.895522388059701,17.81144781144781,11.525054466230937
2026-03-10 15:19:04,3607.0,4095.0,3451.0,25.4,61,58.108108108108105,100.0,0.0,7.91044776119403,17.845117845117844,11.546840958605666
2026-03-10 15:34:04,3597.0,4095.0,3861.0,25.4,61,53.6036036036036,100.0,66.29485935984482,7.925373134328358,17.87878787878788,11.568627450980394
2026-03-10 15:49:05,3595.0,4095.0,3519.0,25.4,61,52.702702702702695,100.0,0.0,7.940298507462686,17.912457912457914,11.59041394335512
2026-03-10 16:04:06,3572.0,4095.0,3815.0,25.4,61,42.34234234234234,100.0,55.140640155189146,7.955223880597015,17.946127946127945,11.612200435729848
2026-03-10 16:19:06,3577.0,4095.0,3703.0,25.4,61,44.5945945945946,100.0,27.982541222114467,7.970149253731343,17.97979797979798,11.633986928104576
2026-03-10 16:34:07,3591.0,4095.0,3789.0,25.5,61,50.9009009009009,100.0,48.83608147429681,7.985074626865671,18.013468013468014,11.655773420479303
2026-03-10 16:49:08,3591.0,4095.0,3890.0,25.5,61,50.9009009009009,100.0,73.32686711930165,8.0,18.04713804713805,11.677559912854031
2026-03-10 17:04:09,3603.0,4095.0,3892.0,25.5,61,56.30630630630631,100.0,73.81183317167799,8.014925373134329,18.08080808080808,11.69934640522876
2026-03-10 17:19:10,3605.0,4095.0,3885.0,25.5,61,57.20720720720721,100.0,72.11445198836081,8.029850746268657,18.114478114478114,11.721132897603486
2026-03-10 17:34:11,3595.0,4095.0,3883.0,25.5,61,52.702702702702695,100.0,71.62948593598448,8.044776119402984,18.14814814814815,11.742919389978214
2026-03-10 17:49:12,3599.0,4095.0,3915.0,25.5,61,54.5045045045045,100.0,79.38894277400583,8.059701492537313,18.18181818181818,11.764705882352942
2026-03-10 18:04:13,3593.0,4095.0,3951.0,25.5,60,51.80180180180181,100.0,88.11833171677984,8.074626865671641,18.215488215488215,11.78649237472767
2026-03-10 18:19:13,3601.0,4095.0,3957.0,25.5,60,55.4054054054054,100.0,89.57322987390883,8.08955223880597,18.24915824915825,11.808278867102397
2026-03-10 18:34:14,3599.0,4095.0,3951.0,25.4,60,54.5045045045045,100.0,88.11833171677984,8.104477611940299,18.282828282828284,11.830065359477125
2026-03-10 18:49:15,3577.0,4095.0,3945.0,25.4,60,44.5945945945946,100.0,86.66343355965083,8.119402985074627,18.316498316498315,11.851851851851853
2026-03-10 19:04:15,3568.0,4095.0,3995.0,25.4,60,40.54054054054054,100.0,98.78758486905916,8.134328358208956,18.35016835016835,11.87363834422658
2026-03-10 19:19:16,3573.0,4095.0,4041.0,25.4,59,42.792792792792795,100.0,100.0,8.149253731343283,18.383838383838384,11.895424836601308
2026-03-10 19:34:19,3564.0,4095.0,4053.0,25.4,59,38.73873873873874,100.0,100.0,8.164179104477611,18.41750841750842,11.917211328976036
2026-03-10 19:49:20,3564.0,4095.0,4055.0,25.4,59,38.73873873873874,100.0,100.0,8.17910447761194,18.45117845117845,11.938997821350764
2026-03-10 20:04:22,3576.0,4095.0,4059.0,25.5,59,44.14414414414414,100.0,100.0,8.194029850746269,18.484848484848484,11.96078431372549
2026-03-10 20:19:23,3596.0,4095.0,4063.0,25.5,60,53.153153153153156,100.0,100.0,8.208955223880597,18.51851851851852,11.982570806100219
2026-03-10 20:34:25,3560.0,4095.0,4063.0,25.4,60,36.93693693693694,100.0,100.0,8.223880597014926,18.55218855218855,12.004357298474947
2026-03-10 20:49:25,3508.0,4095.0,4027.0,25.4,60,13.513513513513514,100.0,100.0,8.238805970149254,18.585858585858585,12.026143790849673
2026-03-10 21:04:26,3504.0,4095.0,3866.0,25.4,60,11.711711711711711,100.0,67.50727449078565,8.253731343283581,18.61952861952862,12.047930283224401
2026-03-10 21:19:27,3511.0,4095.0,3247.0,25.4,59,14.864864864864865,100.0,0.0,8.26865671641791,18.653198653198654,12.06971677559913
2026-03-10 21:49:44,3499.0,4095.0,3083.0,25.4,59,9.45945945945946,100.0,0.0,8.283582089552239,18.686868686868685,12.091503267973858
2026-03-10 22:04:44,3500.0,4095.0,3091.0,25.4,59,9.90990990990991,100.0,0.0,8.298507462686567,18.72053872053872,12.113289760348584
2026-03-10 22:19:46,3504.0,4095.0,3055.0,25.4,59,11.711711711711711,100.0,0.0,8.313432835820896,18.754208754208754,12.135076252723312
2026-03-10 22:34:47,3528.0,4095.0,3045.0,25.4,60,22.52252252252252,100.0,0.0,8.328358208955224,18.78787878787879,12.15686274509804
2026-03-10 22:49:47,3501.0,4095.0,3047.0,25.4,60,10.36036036036036,100.0,0.0,8.343283582089551,18.82154882154882,12.178649237472767
2026-03-10 23:04:48,3513.0,4095.0,3044.0,25.4,60,15.765765765765765,100.0,0.0,8.35820895522388,18.855218855218855,12.200435729847495
2026-03-10 23:19:48,3501.0,4095.0,3035.0,25.4,60,10.36036036036036,100.0,0.0,8.373134328358208,18.88888888888889,12.222222222222223
2026-03-10 23:34:49,3504.0,4095.0,3031.0,25.4,61,11.711711711711711,100.0,0.0,8.388059701492537,18.922558922558924,12.244008714596951
2026-03-10 23:49:50,3513.0,4095.0,3032.0,25.4,61,15.765765765765765,100.0,0.0,8.402985074626866,18.956228956228955,12.265795206971678
2026-03-11 00:04:50,3516.0,4095.0,3020.0,25.4,61,17.117117117117118,100.0,0.0,8.417910447761194,18.98989898989899,12.287581699346406
2026-03-11 00:19:51,3514.0,4095.0,3018.0,25.4,61,16.216216216216218,100.0,0.0,8.432835820895523,19.023569023569024,12.309368191721134
2026-03-11 00:34:52,3515.0,4095.0,3021.0,25.4,61,16.666666666666664,100.0,0.0,8.44776119402985,19.057239057239055,12.33115468409586
2026-03-11 00:49:53,3511.0,4095.0,3027.0,25.4,61,14.864864864864865,100.0,0.0,8.462686567164178,19.09090909090909,12.352941176470589
2026-03-11 01:04:54,3510.0,4095.0,3083.0,25.4,61,14.414414414414415,100.0,0.0,8.477611940298507,19.124579124579125,12.374727668845317
2026-03-11 01:19:55,3655.0,3252.0,3173.0,25.4,61,79.72972972972973,0.0,0.0,8.492537313432836,19.15824915824916,12.396514161220045
2026-03-11 01:34:55,3667.0,3683.0,3177.0,25.4,61,85.13513513513513,37.339395137378936,0.0,8.507462686567164,19.19191919191919,12.418300653594772
2026-03-11 01:49:56,3671.0,4095.0,3165.0,25.4,61,86.93693693693693,100.0,0.0,8.522388059701493,19.225589225589225,12.4400871459695
2026-03-11 02:04:58,3676.0,4095.0,3159.0,25.4,61,89.1891891891892,100.0,0.0,8.537313432835822,19.25925925925926,12.461873638344228
2026-03-11 02:19:59,3667.0,4095.0,3163.0,25.4,61,85.13513513513513,100.0,0.0,8.552238805970148,19.292929292929294,12.483660130718954
2026-03-11 02:35:00,3669.0,4095.0,3160.0,25.4,61,86.03603603603604,100.0,0.0,8.567164179104477,19.326599326599325,12.505446623093682
2026-03-11 02:50:01,3659.0,4095.0,3158.0,25.4,60,81.53153153153153,100.0,0.0,8.582089552238806,19.36026936026936,12.52723311546841
2026-03-11 03:05:03,3655.0,4095.0,3155.0,25.4,61,79.72972972972973,100.0,0.0,8.597014925373134,19.393939393939394,12.549019607843139
2026-03-11 03:20:04,3644.0,4095.0,3155.0,25.3,61,74.77477477477478,100.0,0.0,8.611940298507463,19.427609427609426,12.570806100217865
2026-03-11 03:35:04,3642.0,4095.0,3161.0,25.3,61,73.87387387387388,100.0,0.0,8.626865671641792,19.46127946127946,12.592592592592593
2026-03-11 03:50:06,3645.0,4095.0,3173.0,25.3,61,75.22522522522522,100.0,0.0,8.641791044776118,19.494949494949495,12.614379084967322
2026-03-11 04:05:06,3645.0,4095.0,3181.0,25.3,61,75.22522522522522,100.0,0.0,8.656716417910447,19.52861952861953,12.636165577342048
2026-03-11 04:20:07,3646.0,4095.0,3189.0,25.3,61,75.67567567567568,100.0,0.0,8.671641791044776,19.56228956228956,12.657952069716776
2026-03-11 04:35:08,3644.0,4095.0,3207.0,25.3,61,74.77477477477478,100.0,0.0,8.686567164179104,19.595959595959595,12.679738562091504
2026-03-11 04:50:08,3637.0,4095.0,3223.0,25.2,60,71.62162162162163,100.0,0.0,8.701492537313433,19.62962962962963,12.70152505446623
2026-03-11 05:05:09,3637.0,4095.0,3245.0,25.1,60,71.62162162162163,100.0,0.0,8.716417910447761,19.663299663299664,12.723311546840959
2026-03-11 05:20:10,3644.0,4095.0,3271.0,25.1,59,74.77477477477478,100.0,0.0,8.73134328358209,19.696969696969695,12.745098039215687
2026-03-11 05:35:11,3627.0,4095.0,3283.0,25.0,59,67.11711711711712,100.0,0.0,8.746268656716417,19.73063973063973,12.766884531590415
2026-03-11 05:50:12,3611.0,4095.0,3291.0,25.0,59,59.909909909909906,100.0,0.0,8.761194029850746,19.764309764309765,12.788671023965142
2026-03-11 06:05:13,3561.0,4095.0,3305.0,25.0,59,37.38738738738739,100.0,0.0,8.776119402985074,19.7979797979798,12.81045751633987
2026-03-11 06:20:13,3560.0,4095.0,3327.0,25.1,59,36.93693693693694,100.0,0.0,8.791044776119403,19.83164983164983,12.832244008714598
2026-03-11 06:35:14,3638.0,4095.0,3353.0,25.1,59,72.07207207207207,100.0,0.0,8.805970149253731,19.865319865319865,12.854030501089325
2026-03-11 06:50:15,3639.0,4095.0,3516.0,25.1,59,72.52252252252252,100.0,0.0,8.82089552238806,19.8989898989899,12.875816993464053
2026-03-11 07:05:15,3588.0,4095.0,3539.0,25.1,59,49.549549549549546,100.0,0.0,8.835820895522389,19.93265993265993,12.897603485838781
2026-03-11 07:20:16,3644.0,4095.0,3501.0,25.0,59,74.77477477477478,100.0,0.0,8.850746268656716,19.966329966329965,12.919389978213509
2026-03-11 07:35:17,3564.0,4095.0,3487.0,25.0,59,38.73873873873874,100.0,0.0,8.865671641791044,20.0,12.941176470588236
2026-03-11 07:50:18,3551.0,4095.0,3495.0,25.0,59,32.88288288288289,100.0,0.0,8.880597014925373,20.033670033670035,12.962962962962964
2026-03-11 08:05:19,3602.0,4095.0,3497.0,25.0,59,55.85585585585585,100.0,0.0,8.895522388059701,20.067340067340066,12.984749455337692
2026-03-11 08:20:20,3598.0,4095.0,3480.0,25.0,59,54.054054054054056,100.0,0.0,8.91044776119403,20.1010101010101,13.006535947712418
2026-03-11 08:35:22,3590.0,4095.0,3495.0,25.0,59,50.45045045045045,100.0,0.0,8.925373134328359,20.134680134680135,13.028322440087146
2026-03-11 08:50:22,3622.0,4095.0,3528.0,25.0,59,64.86486486486487,100.0,0.0,8.940298507462687,20.16835016835017,13.050108932461875
2026-03-11 09:05:22,3639.0,4095.0,3561.0,25.0,59,72.52252252252252,100.0,0.0,8.955223880597014,20.2020202020202,13.071895424836603
2026-03-11 09:20:23,3637.0,4095.0,3555.0,25.0,59,71.62162162162163,100.0,0.0,8.970149253731343,20.235690235690235,13.09368191721133
2026-03-11 09:35:24,3639.0,4095.0,3557.0,25.0,59,72.52252252252252,100.0,0.0,8.985074626865671,20.26936026936027,13.115468409586057
2026-03-11 09:50:24,3631.0,4095.0,3555.0,25.0,59,68.91891891891892,100.0,0.0,9.0,20.3030303030303,13.137254901960786
2026-03-11 10:05:25,3637.0,4095.0,3513.0,25.0,59,71.62162162162163,100.0,0.0,9.014925373134329,20.336700336700336,13.159041394335512
2026-03-11 10:20:26,3615.0,4095.0,3512.0,25.0,59,61.711711711711715,100.0,0.0,9.029850746268657,20.37037037037037,13.18082788671024
2026-03-11 10:35:26,3594.0,4095.0,3667.0,24.9,59,52.25225225225225,100.0,19.253152279340462,9.044776119402984,20.404040404040405,13.202614379084968
2026-03-11 10:50:27,3579.0,4095.0,3767.0,24.9,59,45.4954954954955,100.0,43.50145489815714,9.059701492537313,20.437710437710436,13.224400871459697
2026-03-11 11:05:28,3577.0,4095.0,3761.0,24.9,59,44.5945945945946,100.0,42.04655674102814,9.074626865671641,20.47138047138047,13.246187363834423
2026-03-11 11:20:28,3590.0,4095.0,3819.0,24.8,59,50.45045045045045,100.0,56.11057225994182,9.08955223880597,20.505050505050505,13.267973856209151
2026-03-11 11:35:29,3601.0,4095.0,3987.0,24.8,59,55.4054054054054,100.0,96.84772065955383,9.104477611940299,20.53872053872054,13.28976034858388
2026-03-11 11:50:30,3612.0,4095.0,4029.0,24.7,58,60.36036036036037,100.0,100.0,9.119402985074627,20.57239057239057,13.311546840958606
2026-03-11 12:05:31,3618.0,4095.0,4037.0,24.7,58,63.06306306306306,100.0,100.0,9.134328358208956,20.606060606060606,13.333333333333334
2026-03-11 12:20:32,3595.0,4095.0,4031.0,24.7,58,52.702702702702695,100.0,100.0,9.149253731343283,20.63973063973064,13.355119825708062
2026-03-11 12:35:33,3601.0,4095.0,4005.0,24.7,58,55.4054054054054,100.0,100.0,9.164179104477611,20.673400673400675,13.37690631808279
2026-03-11 12:50:35,3603.0,4095.0,3859.0,24.7,58,56.30630630630631,100.0,65.80989330746849,9.17910447761194,20.707070707070706,13.398692810457517
2026-03-11 13:05:36,3683.0,4095.0,3813.0,24.6,57,92.34234234234235,100.0,54.65567410281281,9.194029850746269,20.74074074074074,13.420479302832245
2026-03-11 13:20:37,3641.0,4095.0,3827.0,24.6,57,73.42342342342343,100.0,58.050436469447156,9.208955223880597,20.774410774410775,13.442265795206973
2026-03-11 13:35:38,3640.0,4095.0,3917.0,24.6,57,72.97297297297297,100.0,79.87390882638216,9.223880597014926,20.808080808080806,13.4640522875817
2026-03-11 13:50:39,3635.0,4095.0,3965.0,24.6,57,70.72072072072072,100.0,91.51309408341416,9.238805970149254,20.84175084175084,13.485838779956428
2026-03-11 14:05:42,3630.0,4095.0,3989.0,24.6,56,68.46846846846847,100.0,97.33268671193017,9.253731343283581,20.875420875420875,13.507625272331156
2026-03-11 14:20:45,3644.0,4095.0,3987.0,24.6,56,74.77477477477478,100.0,96.84772065955383,9.26865671641791,20.90909090909091,13.529411764705882
2026-03-11 14:35:46,3630.0,4095.0,3994.0,24.6,56,68.46846846846847,100.0,98.54510184287099,9.283582089552239,20.94276094276094,13.55119825708061
2026-03-11 14:50:48,3614.0,4095.0,4019.0,24.6,56,61.261261261261254,100.0,100.0,9.298507462686567,20.976430976430976,13.572984749455339
2026-03-11 15:05:50,3608.0,4095.0,4043.0,24.6,56,58.55855855855856,100.0,100.0,9.313432835820896,21.01010101010101,13.594771241830067
2026-03-11 15:20:52,3593.0,4095.0,4027.0,24.6,56,51.80180180180181,100.0,100.0,9.328358208955224,21.043771043771045,13.616557734204793
2026-03-11 15:35:54,3575.0,4095.0,4019.0,24.6,56,43.69369369369369,100.0,100.0,9.343283582089551,21.077441077441076,13.638344226579521
2026-03-11 15:50:56,3597.0,4095.0,3996.0,24.6,56,53.6036036036036,100.0,99.03006789524733,9.35820895522388,21.11111111111111,13.66013071895425
2026-03-11 16:05:56,3612.0,4095.0,3994.0,24.6,55,60.36036036036037,100.0,98.54510184287099,9.373134328358208,21.144781144781145,13.681917211328976
2026-03-11 16:20:58,3611.0,4095.0,4005.0,24.5,55,59.909909909909906,100.0,100.0,9.388059701492537,21.178451178451176,13.703703703703704
2026-03-11 16:35:59,3609.0,4095.0,4007.0,24.5,54,59.009009009009006,100.0,100.0,9.402985074626866,21.21212121212121,13.725490196078432
2026-03-11 16:51:00,3599.0,4095.0,3977.0,24.5,54,54.5045045045045,100.0,94.42289039767216,9.417910447761194,21.245791245791246,13.74727668845316
2026-03-11 17:06:00,3604.0,4095.0,3977.0,24.5,54,56.75675675675676,100.0,94.42289039767216,9.432835820895523,21.27946127946128,13.769063180827887
2026-03-11 17:21:00,3594.0,4095.0,3987.0,24.5,54,52.25225225225225,100.0,96.84772065955383,9.44776119402985,21.31313131313131,13.790849673202615
2026-03-11 17:36:01,3620.0,4095.0,3991.0,24.6,54,63.96396396396396,100.0,97.8176527643065,9.462686567164178,21.346801346801346,13.812636165577343
2026-03-11 17:51:02,3619.0,4095.0,3995.0,24.6,54,63.51351351351351,100.0,98.78758486905916,9.477611940298507,21.38047138047138,13.83442265795207
2026-03-11 18:06:04,3619.0,4095.0,3991.0,24.7,54,63.51351351351351,100.0,97.8176527643065,9.492537313432836,21.414141414141415,13.856209150326798
2026-03-11 18:21:04,3628.0,4095.0,3989.0,24.7,54,67.56756756756756,100.0,97.33268671193017,9.507462686567164,21.447811447811446,13.877995642701526
2026-03-11 18:36:06,3627.0,4095.0,3977.0,24.7,54,67.11711711711712,100.0,94.42289039767216,9.522388059701493,21.48148148148148,13.899782135076254
2026-03-11 18:51:08,3629.0,4095.0,3979.0,24.7,55,68.01801801801803,100.0,94.9078564500485,9.537313432835822,21.515151515151516,13.92156862745098
2026-03-11 19:06:10,3637.0,4095.0,3977.0,24.7,55,71.62162162162163,100.0,94.42289039767216,9.552238805970148,21.54882154882155,13.943355119825709
2026-03-11 19:21:11,3629.0,4095.0,3981.0,24.8,55,68.01801801801803,100.0,95.39282250242483,9.567164179104477,21.58249158249158,13.965141612200437
2026-03-11 19:36:12,3622.0,4095.0,3983.0,24.8,55,64.86486486486487,100.0,95.87778855480117,9.582089552238806,21.616161616161616,13.986928104575163
2026-03-11 19:51:13,3614.0,4095.0,3976.0,24.8,55,61.261261261261254,100.0,94.180407371484,9.597014925373134,21.64983164983165,14.008714596949892
2026-03-11 20:06:14,3625.0,4095.0,3975.0,24.8,55,66.21621621621621,100.0,93.93792434529583,9.611940298507463,21.68350168350168,14.03050108932462
2026-03-11 20:21:15,3621.0,4095.0,3963.0,24.8,55,64.41441441441441,100.0,91.02812803103782,9.626865671641792,21.717171717171716,14.052287581699348
2026-03-11 20:36:16,3625.0,4095.0,3956.0,24.7,55,66.21621621621621,100.0,89.33074684772066,9.641791044776118,21.75084175084175,14.074074074074074
2026-03-11 20:51:17,3604.0,4095.0,3956.0,24.7,55,56.75675675675676,100.0,89.33074684772066,9.656716417910447,21.784511784511785,14.095860566448803
2026-03-11 21:06:18,3601.0,4095.0,3957.0,24.6,55,55.4054054054054,100.0,89.57322987390883,9.671641791044776,21.818181818181817,14.11764705882353
2026-03-11 21:21:19,3598.0,4095.0,3957.0,24.5,54,54.054054054054056,100.0,89.57322987390883,9.686567164179104,21.85185185185185,14.139433551198257
2026-03-11 21:36:21,3614.0,4095.0,3951.0,24.5,54,61.261261261261254,100.0,88.11833171677984,9.701492537313433,21.885521885521886,14.161220043572985
2026-03-11 21:51:22,3629.0,4095.0,3957.0,24.5,54,68.01801801801803,100.0,89.57322987390883,9.716417910447761,21.91919191919192,14.183006535947714
2026-03-11 22:06:22,3637.0,4095.0,3959.0,24.5,54,71.62162162162163,100.0,90.05819592628517,9.73134328358209,21.95286195286195,14.204793028322442
2026-03-11 22:21:23,3671.0,4095.0,3967.0,24.5,54,86.93693693693693,100.0,91.9980601357905,9.746268656716417,21.986531986531986,14.226579520697168
2026-03-11 22:36:24,3676.0,4095.0,3996.0,24.5,54,89.1891891891892,100.0,99.03006789524733,9.761194029850746,22.02020202020202,14.248366013071896
2026-03-11 22:51:25,3662.0,4095.0,4021.0,24.5,55,82.88288288288288,100.0,100.0,9.776119402985074,22.053872053872052,14.270152505446625
2026-03-11 23:06:25,3675.0,4095.0,4044.0,24.6,55,88.73873873873875,100.0,100.0,9.791044776119403,22.087542087542086,14.291938997821351
2026-03-11 23:21:26,3672.0,4095.0,4052.0,24.6,55,87.38738738738738,100.0,100.0,9.805970149253731,22.12121212121212,14.313725490196079
2026-03-11 23:36:26,3666.0,4095.0,4042.0,24.6,55,84.68468468468468,100.0,100.0,9.82089552238806,22.154882154882156,14.335511982570807
2026-03-11 23:51:26,3662.0,4095.0,3973.0,24.6,55,82.88288288288288,100.0,93.45295829291949,9.835820895522389,22.188552188552187,14.357298474945535
2026-03-12 00:06:27,3671.0,4095.0,3870.0,24.6,55,86.93693693693693,100.0,68.47720659553832,9.850746268656716,22.22222222222222,14.379084967320262
2026-03-12 00:21:30,3667.0,4095.0,3773.0,24.6,55,85.13513513513513,100.0,44.956353055286144,9.865671641791044,22.255892255892256,14.40087145969499
2026-03-12 00:36:31,3677.0,4095.0,3727.0,24.6,55,89.63963963963964,100.0,33.802133850630476,9.880597014925373,22.28956228956229,14.422657952069718
2026-03-12 00:51:32,3683.0,4095.0,3703.0,24.6,56,92.34234234234235,100.0,27.982541222114467,9.895522388059701,22.32323232323232,14.444444444444445
2026-03-12 01:06:32,3685.0,4095.0,3669.0,24.6,56,93.24324324324324,100.0,19.738118331716798,9.91044776119403,22.356902356902356,14.466230936819173
2026-03-12 01:21:33,3693.0,4095.0,3857.0,24.6,56,96.84684684684684,100.0,65.32492725509215,9.925373134328359,22.39057239057239,14.488017429193901
2026-03-12 01:36:33,3685.0,4095.0,3875.0,24.7,56,93.24324324324324,100.0,69.68962172647916,9.940298507462686,22.424242424242422,14.509803921568627
2026-03-12 01:51:34,3699.0,4095.0,3836.0,24.7,56,99.54954954954955,100.0,60.23278370514065,9.955223880597014,22.457912457912457,14.531590413943356
2026-03-12 02:06:34,3694.0,4095.0,3927.0,24.7,56,97.2972972972973,100.0,82.29873908826383,9.970149253731343,22.49158249158249,14.553376906318084
2026-03-12 02:21:34,3692.0,4095.0,3935.0,24.7,57,96.3963963963964,100.0,84.23860329776916,9.985074626865671,22.525252525252526,14.575163398692812
2026-03-12 02:36:35,3700.0,4095.0,3921.0,24.7,57,100.0,100.0,80.84384093113482,10.0,22.558922558922557,14.596949891067538
2026-03-12 02:51:36,3690.0,4095.0,3864.0,24.7,57,95.4954954954955,100.0,67.02230843840931,10.014925373134329,22.59259259259259,14.618736383442267
2026-03-12 03:06:36,3684.0,4095.0,3799.0,24.7,57,92.7927927927928,100.0,51.260911736178485,10.029850746268657,22.626262626262626,14.640522875816995
2026-03-12 03:21:37,3671.0,4095.0,3855.0,24.7,57,86.93693693693693,100.0,64.83996120271581,10.044776119402984,22.65993265993266,14.662309368191721
2026-03-12 03:36:38,3661.0,4095.0,3963.0,24.6,57,82.43243243243244,100.0,91.02812803103782,10.059701492537313,22.693602693602692,14.68409586056645
2026-03-12 03:51:39,3659.0,4095.0,4041.0,24.6,57,81.53153153153153,100.0,100.0,10.074626865671641,22.727272727272727,14.705882352941178
2026-03-12 04:06:39,3658.0,4095.0,4095.0,24.6,57,81.08108108108108,100.0,100.0,10.08955223880597,22.76094276094276,14.727668845315906
2026-03-12 04:21:40,3655.0,4095.0,4095.0,24.6,57,79.72972972972973,100.0,100.0,10.104477611940299,22.794612794612796,14.749455337690632
2026-03-12 04:36:41,3656.0,4095.0,4095.0,24.6,57,80.18018018018019,100.0,100.0,10.119402985074627,22.828282828282827,14.77124183006536
2026-03-12 04:51:41,3642.0,4095.0,4095.0,24.5,57,73.87387387387388,100.0,100.0,10.134328358208956,22.86195286195286,14.793028322440088
2026-03-12 05:06:42,3641.0,4095.0,4039.0,24.5,57,73.42342342342343,100.0,100.0,10.149253731343283,22.895622895622896,14.814814814814815
2026-03-12 05:21:43,3645.0,4095.0,4045.0,24.4,57,75.22522522522522,100.0,100.0,10.164179104477611,22.929292929292927,14.836601307189543
2026-03-12 05:36:43,3623.0,4095.0,4022.0,24.4,56,65.31531531531532,100.0,100.0,10.17910447761194,22.962962962962962,14.858387799564271
2026-03-12 05:51:44,3631.0,4095.0,4019.0,24.4,56,68.91891891891892,100.0,100.0,10.194029850746269,22.996632996632997,14.880174291939
2026-03-12 06:06:45,3647.0,4095.0,4013.0,24.4,56,76.12612612612612,100.0,100.0,10.208955223880597,23.03030303030303,14.901960784313726
2026-03-12 06:21:45,3652.0,4095.0,4015.0,24.5,56,78.37837837837837,100.0,100.0,10.223880597014926,23.063973063973062,14.923747276688454
2026-03-12 06:36:48,3637.0,4095.0,4015.0,24.5,56,71.62162162162163,100.0,100.0,10.238805970149254,23.097643097643097,14.945533769063182
2026-03-12 06:51:49,3645.0,4095.0,4011.0,24.5,56,75.22522522522522,100.0,100.0,10.253731343283581,23.13131313131313,14.967320261437909
2026-03-12 07:06:50,3635.0,4095.0,4009.0,24.5,56,70.72072072072072,100.0,100.0,10.26865671641791,23.164983164983166,14.989106753812637
2026-03-12 07:21:51,3630.0,4095.0,4000.0,24.4,57,68.46846846846847,100.0,100.0,10.283582089552239,23.198653198653197,15.010893246187365
2026-03-12 07:36:51,3640.0,4095.0,3995.0,24.4,57,72.97297297297297,100.0,98.78758486905916,10.298507462686567,23.232323232323232,15.032679738562093
2026-03-12 07:51:52,3643.0,4095.0,3989.0,24.4,57,74.32432432432432,100.0,97.33268671193017,10.313432835820896,23.265993265993266,15.05446623093682
2026-03-12 08:06:53,3639.0,4079.0,3979.0,24.4,57,72.52252252252252,100.0,94.9078564500485,10.328358208955224,23.299663299663298,15.076252723311548
2026-03-12 08:21:53,3626.0,4053.0,3981.0,24.3,57,66.66666666666666,100.0,95.39282250242483,10.343283582089551,23.333333333333332,15.098039215686276
2026-03-12 08:36:54,3624.0,4045.0,4019.0,24.3,57,65.76576576576578,100.0,100.0,10.35820895522388,23.367003367003367,15.119825708061002
2026-03-12 08:51:57,3624.0,4059.0,4021.0,24.3,57,65.76576576576578,100.0,100.0,10.373134328358208,23.4006734006734,15.14161220043573
2026-03-12 09:06:58,3615.0,4095.0,4009.0,24.3,57,61.711711711711715,100.0,100.0,10.388059701492537,23.434343434343432,15.163398692810459
2026-03-12 09:21:59,3616.0,4095.0,3989.0,24.2,57,62.16216216216216,100.0,97.33268671193017,10.402985074626866,23.468013468013467,15.185185185185187
2026-03-12 09:36:59,3615.0,4095.0,3999.0,24.2,57,61.711711711711715,100.0,99.75751697381183,10.417910447761194,23.5016835016835,15.206971677559913
2026-03-12 09:52:01,3620.0,4095.0,4021.0,24.2,57,63.96396396396396,100.0,100.0,10.432835820895523,23.535353535353536,15.228758169934641
2026-03-12 10:07:02,3619.0,4095.0,4025.0,24.2,57,63.51351351351351,100.0,100.0,10.44776119402985,23.569023569023567,15.25054466230937
2026-03-12 10:22:06,3613.0,4095.0,4021.0,24.2,57,60.810810810810814,100.0,100.0,10.462686567164178,23.602693602693602,15.272331154684096
2026-03-12 10:37:07,3621.0,4095.0,4025.0,24.2,57,64.41441441441441,100.0,100.0,10.477611940298507,23.636363636363637,15.294117647058824
2026-03-12 10:52:09,3631.0,4095.0,4003.0,24.2,57,68.91891891891892,100.0,100.0,10.492537313432836,23.67003367003367,15.315904139433552
2026-03-12 11:07:09,3651.0,4095.0,3999.0,24.1,56,77.92792792792793,100.0,99.75751697381183,10.507462686567164,23.703703703703702,15.337690631808279
2026-03-12 11:22:10,3660.0,4095.0,4005.0,24.1,56,81.98198198198197,100.0,100.0,10.522388059701493,23.737373737373737,15.359477124183007
2026-03-12 11:37:11,3660.0,4095.0,4004.0,24.1,56,81.98198198198197,100.0,100.0,10.537313432835822,23.77104377104377,15.381263616557735
2026-03-12 11:52:11,3643.0,4095.0,3979.0,24.1,56,74.32432432432432,100.0,94.9078564500485,10.552238805970148,23.804713804713803,15.403050108932463
2026-03-12 12:07:12,3646.0,4095.0,3996.0,24.0,56,75.67567567567568,100.0,99.03006789524733,10.567164179104477,23.838383838383837,15.42483660130719
2026-03-12 12:22:13,3647.0,4095.0,4015.0,24.0,56,76.12612612612612,100.0,100.0,10.582089552238806,23.872053872053872,15.446623093681918
2026-03-12 12:37:15,3637.0,4095.0,3993.0,24.0,56,71.62162162162163,100.0,98.30261881668282,10.597014925373134,23.905723905723907,15.468409586056646
2026-03-12 12:52:16,3644.0,4095.0,4009.0,23.9,56,74.77477477477478,100.0,100.0,10.611940298507463,23.939393939393938,15.490196078431373
2026-03-12 13:07:16,3653.0,4095.0,4019.0,23.9,56,78.82882882882883,100.0,100.0,10.626865671641792,23.973063973063972,15.5119825708061
2026-03-12 13:22:18,3647.0,4095.0,3999.0,23.9,56,76.12612612612612,100.0,99.75751697381183,10.641791044776118,24.006734006734007,15.533769063180829
2026-03-12 13:37:21,3622.0,4095.0,4013.0,23.9,56,64.86486486486487,100.0,100.0,10.656716417910447,24.04040404040404,15.555555555555557
2026-03-12 13:52:22,3630.0,4095.0,4024.0,23.8,55,68.46846846846847,100.0,100.0,10.671641791044776,24.074074074074073,15.577342047930284
2026-03-12 14:07:23,3618.0,4095.0,4005.0,23.8,55,63.06306306306306,100.0,100.0,10.686567164179104,24.107744107744107,15.599128540305012
2026-03-12 14:22:26,3625.0,4095.0,3973.0,23.7,55,66.21621621621621,100.0,93.45295829291949,10.701492537313433,24.141414141414142,15.62091503267974
2026-03-12 14:37:28,3621.0,4095.0,3965.0,23.7,55,64.41441441441441,100.0,91.51309408341416,10.716417910447761,24.175084175084173,15.642701525054466
2026-03-12 14:52:29,3620.0,4095.0,3963.0,23.6,55,63.96396396396396,100.0,91.02812803103782,10.73134328358209,24.208754208754208,15.664488017429194
2026-03-12 15:07:31,3614.0,4095.0,3967.0,23.6,55,61.261261261261254,100.0,91.9980601357905,10.746268656716417,24.242424242424242,15.686274509803923
2026-03-12 15:22:31,3612.0,4095.0,3975.0,23.6,55,60.36036036036037,100.0,93.93792434529583,10.761194029850746,24.276094276094277,15.70806100217865
2026-03-12 15:37:37,3662.0,4095.0,3949.0,23.5,55,82.88288288288288,100.0,87.6333656644035,10.776119402985074,24.309764309764308,15.729847494553377
2026-03-12 15:52:38,3611.0,4095.0,3901.0,23.5,55,59.909909909909906,100.0,75.99418040737149,10.791044776119403,24.343434343434343,15.751633986928105
2026-03-12 16:07:41,3614.0,4095.0,3913.0,23.4,55,61.261261261261254,100.0,78.90397672162949,10.805970149253731,24.377104377104377,15.773420479302834
2026-03-12 16:22:42,3613.0,4095.0,3918.0,23.4,55,60.810810810810814,100.0,80.11639185257032,10.82089552238806,24.410774410774412,15.79520697167756
2026-03-12 16:37:42,3624.0,4095.0,3916.0,23.4,55,65.76576576576578,100.0,79.631425800194,10.835820895522389,24.444444444444443,15.816993464052288
2026-03-12 16:52:44,3606.0,4095.0,3903.0,23.3,55,57.65765765765766,100.0,76.47914645974782,10.850746268656716,24.478114478114477,15.838779956427016
2026-03-12 17:07:44,3606.0,4095.0,3912.0,23.3,55,57.65765765765766,100.0,78.66149369544132,10.865671641791044,24.511784511784512,15.860566448801745
2026-03-12 17:22:45,3609.0,4095.0,3914.0,23.3,55,59.009009009009006,100.0,79.14645974781766,10.880597014925373,24.545454545454547,15.882352941176471
2026-03-12 17:37:48,3613.0,4095.0,3915.0,23.2,55,60.810810810810814,100.0,79.38894277400583,10.895522388059701,24.579124579124578,15.9041394335512
2026-03-12 17:52:49,3621.0,4095.0,3916.0,23.2,55,64.41441441441441,100.0,79.631425800194,10.91044776119403,24.612794612794612,15.925925925925927
2026-03-12 18:07:51,3615.0,4095.0,3921.0,23.2,55,61.711711711711715,100.0,80.84384093113482,10.925373134328359,24.646464646464647,15.947712418300654
2026-03-12 18:22:52,3602.0,4095.0,3923.0,23.2,55,55.85585585585585,100.0,81.32880698351116,10.940298507462686,24.680134680134678,15.969498910675382
2026-03-12 18:37:53,3596.0,4095.0,3887.0,23.2,55,53.153153153153156,100.0,72.59941804073715,10.955223880597014,24.713804713804713,15.99128540305011
2026-03-12 18:52:54,3594.0,4095.0,3892.0,23.2,55,52.25225225225225,100.0,73.81183317167799,10.970149253731343,24.747474747474747,16.013071895424837
2026-03-12 19:07:55,3578.0,4095.0,3893.0,23.2,54,45.04504504504504,100.0,74.05431619786616,10.985074626865671,24.781144781144782,16.034858387799567
2026-03-12 19:22:56,3574.0,4095.0,3867.0,23.2,54,43.24324324324324,100.0,67.74975751697382,11.0,24.814814814814813,16.056644880174293
2026-03-12 19:37:57,3580.0,4095.0,3838.0,23.2,54,45.94594594594595,100.0,60.717749757516984,11.014925373134329,24.848484848484848,16.07843137254902
2026-03-12 19:52:59,3575.0,4095.0,3820.0,23.1,54,43.69369369369369,100.0,56.35305528612998,11.029850746268657,24.882154882154882,16.10021786492375
2026-03-12 20:08:01,3577.0,4095.0,3804.0,23.1,54,44.5945945945946,100.0,52.473326867119304,11.044776119402984,24.915824915824917,16.122004357298476
2026-03-12 20:23:02,3567.0,4095.0,3802.0,23.1,54,40.090090090090094,100.0,51.988360814742975,11.059701492537313,24.949494949494948,16.143790849673202
2026-03-12 20:38:03,3566.0,4095.0,3807.0,23.1,55,39.63963963963964,100.0,53.20077594568381,11.074626865671641,24.983164983164983,16.165577342047932
2026-03-12 20:53:04,3571.0,4095.0,3805.0,23.1,54,41.891891891891895,100.0,52.71580989330747,11.08955223880597,25.016835016835017,16.18736383442266
2026-03-12 21:08:05,3559.0,4095.0,3803.0,23.1,55,36.486486486486484,100.0,52.23084384093114,11.104477611940299,25.05050505050505,16.209150326797385
2026-03-12 21:23:06,3549.0,4095.0,3807.0,23.1,54,31.98198198198198,100.0,53.20077594568381,11.119402985074627,25.084175084175083,16.230936819172115
2026-03-12 21:38:07,3547.0,4095.0,3832.0,23.1,54,31.08108108108108,100.0,59.262851600387975,11.134328358208956,25.117845117845118,16.25272331154684
2026-03-12 21:53:07,3548.0,4095.0,3833.0,23.1,54,31.53153153153153,100.0,59.50533462657614,11.149253731343283,25.151515151515152,16.27450980392157
2026-03-12 22:08:10,3546.0,4095.0,3839.0,23.2,54,30.630630630630627,100.0,60.96023278370515,11.164179104477611,25.185185185185183,16.296296296296298
2026-03-12 22:23:11,3561.0,4095.0,3833.0,23.2,55,37.38738738738739,100.0,59.50533462657614,11.17910447761194,25.218855218855218,16.318082788671024
2026-03-12 22:38:12,3560.0,4095.0,3820.0,23.2,55,36.93693693693694,100.0,56.35305528612998,11.194029850746269,25.252525252525253,16.339869281045754
2026-03-12 22:53:13,3578.0,4095.0,3831.0,23.2,54,45.04504504504504,100.0,59.02036857419981,11.208955223880597,25.286195286195287,16.36165577342048
2026-03-12 23:08:13,3558.0,4095.0,3833.0,23.1,54,36.03603603603604,100.0,59.50533462657614,11.223880597014926,25.31986531986532,16.383442265795207
2026-03-12 23:23:15,3555.0,4095.0,3813.0,23.1,54,34.68468468468468,100.0,54.65567410281281,11.238805970149253,25.353535353535353,16.405228758169937
2026-03-12 23:38:16,3550.0,4095.0,3783.0,23.0,54,32.432432432432435,100.0,47.38118331716781,11.253731343283581,25.387205387205388,16.427015250544663
2026-03-12 23:53:17,3560.0,4095.0,3757.0,23.0,54,36.93693693693694,100.0,41.07662463627547,11.26865671641791,25.420875420875422,16.44880174291939
2026-03-13 00:08:18,3550.0,4095.0,3730.0,23.0,54,32.432432432432435,100.0,34.529582929194966,11.283582089552239,25.454545454545453,16.47058823529412
2026-03-13 00:23:21,3548.0,4095.0,3709.0,23.0,54,31.53153153153153,100.0,29.437439379243468,11.298507462686567,25.488215488215488,16.492374727668846
2026-03-13 00:38:22,3540.0,4095.0,3694.0,22.9,55,27.927927927927925,100.0,25.800193986420965,11.313432835820896,25.521885521885523,16.514161220043572
2026-03-13 00:53:24,3531.0,4095.0,3683.0,22.9,55,23.873873873873876,100.0,23.132880698351133,11.328358208955224,25.555555555555554,16.535947712418302
2026-03-13 01:08:25,3528.0,4095.0,3679.0,23.0,55,22.52252252252252,100.0,22.16294859359847,11.343283582089551,25.589225589225588,16.55773420479303
2026-03-13 01:23:25,3532.0,4095.0,3685.0,23.0,55,24.324324324324326,100.0,23.617846750727466,11.35820895522388,25.622895622895623,16.57952069716776
2026-03-13 01:38:26,3519.0,4095.0,3691.0,23.0,55,18.46846846846847,100.0,25.072744907856464,11.373134328358208,25.656565656565657,16.601307189542485
2026-03-13 01:53:27,3533.0,4095.0,3689.0,23.0,55,24.774774774774773,100.0,24.58777885548013,11.388059701492537,25.69023569023569,16.62309368191721
2026-03-13 02:08:28,3540.0,4095.0,3701.0,23.0,55,27.927927927927925,100.0,27.497575169738138,11.402985074626866,25.723905723905723,16.64488017429194
2026-03-13 02:23:28,3535.0,4095.0,3700.0,23.0,55,25.675675675675674,100.0,27.25509214354997,11.417910447761194,25.757575757575758,16.666666666666668
2026-03-13 02:38:29,3544.0,4095.0,3669.0,23.0,55,29.72972972972973,100.0,19.738118331716798,11.432835820895523,25.791245791245792,16.688453159041394
2026-03-13 02:53:30,3548.0,4095.0,3659.0,23.0,55,31.53153153153153,100.0,17.31328806983513,11.44776119402985,25.824915824915823,16.710239651416124
2026-03-13 03:08:30,3556.0,4095.0,3636.0,23.0,55,35.13513513513514,100.0,11.736178467507294,11.462686567164178,25.858585858585858,16.73202614379085
2026-03-13 03:23:32,3579.0,4095.0,3646.0,23.0,56,45.4954954954955,100.0,14.161008729388962,11.477611940298507,25.892255892255893,16.753812636165577
2026-03-13 03:38:32,3574.0,4095.0,3676.0,23.0,56,43.24324324324324,100.0,21.435499515033964,11.492537313432836,25.925925925925924,16.775599128540307
2026-03-13 03:53:32,3564.0,4095.0,3671.0,23.0,56,38.73873873873874,100.0,20.22308438409313,11.507462686567164,25.95959595959596,16.797385620915033
2026-03-13 04:08:33,3575.0,4095.0,3673.0,23.1,56,43.69369369369369,100.0,20.708050436469463,11.522388059701493,25.993265993265993,16.81917211328976
2026-03-13 04:23:33,3563.0,4095.0,3679.0,23.1,56,38.288288288288285,100.0,22.16294859359847,11.537313432835822,26.026936026936028,16.84095860566449
2026-03-13 04:38:35,3563.0,4095.0,3739.0,23.1,57,38.288288288288285,100.0,36.71193016488847,11.552238805970148,26.06060606060606,16.862745098039216
2026-03-13 04:53:35,3551.0,4095.0,3737.0,23.1,57,32.88288288288289,100.0,36.226964112512135,11.567164179104477,26.094276094276093,16.884531590413943
2026-03-13 05:08:36,3555.0,4095.0,3749.0,23.2,57,34.68468468468468,100.0,39.13676042677014,11.582089552238806,26.127946127946128,16.906318082788673
2026-03-13 05:23:37,3541.0,4095.0,3719.0,23.2,57,28.37837837837838,100.0,31.862269641125135,11.597014925373134,26.161616161616163,16.9281045751634
2026-03-13 05:38:37,3530.0,4095.0,3751.0,23.2,57,23.423423423423422,100.0,39.621726479146474,11.611940298507463,26.195286195286194,16.94989106753813
2026-03-13 05:53:38,3533.0,4095.0,3757.0,23.2,58,24.774774774774773,100.0,41.07662463627547,11.626865671641792,26.22895622895623,16.971677559912855
2026-03-13 06:08:39,3533.0,4095.0,3753.0,23.2,58,24.774774774774773,100.0,40.10669253152281,11.641791044776118,26.262626262626263,16.99346405228758
2026-03-13 06:23:39,3524.0,4095.0,3743.0,23.3,58,20.72072072072072,100.0,37.68186226964114,11.656716417910447,26.296296296296294,17.01525054466231
2026-03-13 06:38:40,3515.0,4095.0,3719.0,23.3,58,16.666666666666664,100.0,31.862269641125135,11.671641791044776,26.32996632996633,17.037037037037038
2026-03-13 06:53:40,3519.0,4085.0,3705.0,23.3,58,18.46846846846847,100.0,28.4675072744908,11.686567164179104,26.363636363636363,17.058823529411764
2026-03-13 07:08:40,3529.0,4087.0,3672.0,23.3,58,22.972972972972975,100.0,20.4655674102813,11.701492537313433,26.397306397306398,17.080610021786494
2026-03-13 07:23:41,3525.0,4095.0,3631.0,23.3,58,21.17117117117117,100.0,10.52376333656646,11.716417910447761,26.43097643097643,17.10239651416122
2026-03-13 07:38:43,3531.0,4095.0,3603.0,23.3,58,23.873873873873876,100.0,3.7342386032977903,11.73134328358209,26.464646464646464,17.124183006535947
2026-03-13 07:53:43,3539.0,4093.0,3577.0,23.3,58,27.47747747747748,100.0,0.0,11.746268656716417,26.4983164983165,17.145969498910677
2026-03-13 08:08:44,3531.0,4083.0,3975.0,23.3,58,23.873873873873876,100.0,93.93792434529583,11.761194029850746,26.531986531986533,17.167755991285404
2026-03-13 08:23:44,3544.0,4089.0,3988.0,23.3,58,29.72972972972973,100.0,97.090203685742,11.776119402985074,26.565656565656564,17.18954248366013
2026-03-13 08:38:45,3547.0,4083.0,3991.0,23.3,58,31.08108108108108,100.0,97.8176527643065,11.791044776119403,26.5993265993266,17.21132897603486
2026-03-13 08:53:45,3540.0,4079.0,3993.0,23.3,58,27.927927927927925,100.0,98.30261881668282,11.805970149253731,26.632996632996633,17.233115468409586
2026-03-13 09:08:46,3549.0,4075.0,3995.0,23.3,58,31.98198198198198,100.0,98.78758486905916,11.82089552238806,26.666666666666668,17.254901960784316
2026-03-13 09:23:46,3545.0,4095.0,3991.0,23.3,58,30.180180180180184,100.0,97.8176527643065,11.835820895522389,26.7003367003367,17.276688453159043
2026-03-13 09:38:47,3551.0,4077.0,3981.0,23.3,58,32.88288288288289,100.0,95.39282250242483,11.850746268656716,26.734006734006734,17.29847494553377
2026-03-13 09:53:48,3556.0,4077.0,3979.0,23.4,58,35.13513513513514,100.0,94.9078564500485,11.865671641791044,26.767676767676768,17.3202614379085
2026-03-13 10:08:50,3545.0,4079.0,3976.0,23.4,58,30.180180180180184,100.0,94.180407371484,11.880597014925373,26.8013468013468,17.342047930283226
2026-03-13 10:23:50,3559.0,4093.0,3977.0,23.4,58,36.486486486486484,100.0,94.42289039767216,11.895522388059701,26.835016835016834,17.363834422657952
2026-03-13 10:38:51,3560.0,4095.0,3975.0,23.4,58,36.93693693693694,100.0,93.93792434529583,11.91044776119403,26.86868686868687,17.385620915032682
2026-03-13 10:53:52,3557.0,4095.0,3968.0,23.4,58,35.585585585585584,100.0,92.24054316197866,11.925373134328359,26.902356902356903,17.40740740740741
2026-03-13 11:08:52,3564.0,4095.0,3973.0,23.4,58,38.73873873873874,100.0,93.45295829291949,11.940298507462686,26.936026936026934,17.429193899782135
2026-03-13 11:23:53,3559.0,4095.0,3975.0,23.4,58,36.486486486486484,100.0,93.93792434529583,11.955223880597014,26.96969696969697,17.450980392156865
2026-03-13 11:38:53,3577.0,4095.0,3975.0,23.4,58,44.5945945945946,100.0,93.93792434529583,11.970149253731343,27.003367003367003,17.47276688453159
2026-03-13 11:53:54,3589.0,4095.0,3955.0,23.4,58,50.0,100.0,89.0882638215325,11.985074626865671,27.037037037037038,17.494553376906318
2026-03-13 12:08:54,3601.0,4095.0,3964.0,23.3,58,55.4054054054054,100.0,91.27061105722599,12.0,27.07070707070707,17.516339869281047
2026-03-13 12:23:57,3612.0,4095.0,3963.0,23.3,57,60.36036036036037,100.0,91.02812803103782,12.014925373134329,27.104377104377104,17.538126361655774
2026-03-13 12:39:00,3608.0,4095.0,3967.0,23.2,57,58.55855855855856,100.0,91.9980601357905,12.029850746268657,27.13804713804714,17.559912854030504
2026-03-13 12:54:00,3620.0,4095.0,3975.0,23.2,57,63.96396396396396,100.0,93.93792434529583,12.044776119402984,27.17171717171717,17.58169934640523
2026-03-13 13:09:03,3641.0,4095.0,3966.0,23.2,57,73.42342342342343,100.0,91.75557710960233,12.059701492537313,27.205387205387204,17.603485838779957
2026-03-13 13:24:07,3627.0,4095.0,3961.0,23.1,57,67.11711711711712,100.0,90.54316197866149,12.074626865671641,27.23905723905724,17.625272331154687
2026-03-13 13:39:10,3623.0,4095.0,3981.0,23.1,57,65.31531531531532,100.0,95.39282250242483,12.08955223880597,27.272727272727273,17.647058823529413
2026-03-13 13:54:10,3629.0,4095.0,3976.0,23.1,57,68.01801801801803,100.0,94.180407371484,12.104477611940299,27.306397306397304,17.66884531590414
2026-03-13 14:09:11,3621.0,4095.0,3977.0,23.1,57,64.41441441441441,100.0,94.42289039767216,12.119402985074627,27.34006734006734,17.69063180827887
2026-03-13 14:24:12,3616.0,4095.0,3963.0,23.1,57,62.16216216216216,100.0,91.02812803103782,12.134328358208956,27.373737373737374,17.712418300653596
2026-03-13 14:39:12,3611.0,4095.0,3965.0,23.1,57,59.909909909909906,100.0,91.51309408341416,12.149253731343283,27.40740740740741,17.734204793028322
2026-03-13 14:54:13,3602.0,4095.0,3976.0,23.1,57,55.85585585585585,100.0,94.180407371484,12.164179104477611,27.44107744107744,17.755991285403052
2026-03-13 15:09:15,3580.0,4095.0,3967.0,23.1,56,45.94594594594595,100.0,91.9980601357905,12.17910447761194,27.474747474747474,17.77777777777778
2026-03-13 15:24:16,3564.0,4095.0,3959.0,23.1,56,38.73873873873874,100.0,90.05819592628517,12.194029850746269,27.50841750841751,17.799564270152505
2026-03-13 15:39:17,3567.0,4095.0,3977.0,23.1,56,40.090090090090094,100.0,94.42289039767216,12.208955223880597,27.542087542087543,17.821350762527235
2026-03-13 15:54:17,3548.0,4095.0,3967.0,23.1,56,31.53153153153153,100.0,91.9980601357905,12.223880597014926,27.575757575757574,17.84313725490196
2026-03-13 16:09:17,3547.0,4095.0,3967.0,23.1,56,31.08108108108108,100.0,91.9980601357905,12.238805970149253,27.60942760942761,17.864923747276688
2026-03-13 16:24:19,3543.0,4095.0,3963.0,23.1,56,29.27927927927928,100.0,91.02812803103782,12.253731343283581,27.643097643097644,17.886710239651418
2026-03-13 16:39:20,3540.0,4095.0,3959.0,23.1,56,27.927927927927925,100.0,90.05819592628517,12.26865671641791,27.676767676767675,17.908496732026144
2026-03-13 16:54:21,3533.0,4095.0,3951.0,23.1,56,24.774774774774773,100.0,88.11833171677984,12.283582089552239,27.71043771043771,17.930283224400874
2026-03-13 17:09:22,3528.0,4095.0,3963.0,23.0,56,22.52252252252252,100.0,91.02812803103782,12.298507462686567,27.744107744107744,17.9520697167756
2026-03-13 17:24:23,3530.0,4095.0,3983.0,23.0,56,23.423423423423422,100.0,95.87778855480117,12.313432835820896,27.77777777777778,17.973856209150327
2026-03-13 17:39:24,3534.0,4095.0,3985.0,23.0,56,25.225225225225223,100.0,96.36275460717751,12.328358208955224,27.81144781144781,17.995642701525057
2026-03-13 17:54:25,3548.0,4095.0,3979.0,23.0,56,31.53153153153153,100.0,94.9078564500485,12.343283582089551,27.845117845117844,18.017429193899783
2026-03-13 18:09:25,3559.0,4095.0,3987.0,23.0,56,36.486486486486484,100.0,96.84772065955383,12.35820895522388,27.87878787878788,18.03921568627451
2026-03-13 18:24:26,3566.0,4095.0,3987.0,23.0,56,39.63963963963964,100.0,96.84772065955383,12.373134328358208,27.912457912457914,18.06100217864924
2026-03-13 18:39:26,3578.0,4095.0,3987.0,22.9,56,45.04504504504504,100.0,96.84772065955383,12.388059701492537,27.946127946127945,18.082788671023966
2026-03-13 18:54:26,3594.0,4095.0,3987.0,22.9,56,52.25225225225225,100.0,96.84772065955383,12.402985074626866,27.97979797979798,18.104575163398692
2026-03-13 19:09:28,3580.0,4095.0,3987.0,22.9,56,45.94594594594595,100.0,96.84772065955383,12.417910447761194,28.013468013468014,18.126361655773422
2026-03-13 19:24:28,3596.0,4095.0,3982.0,22.9,56,53.153153153153156,100.0,95.635305528613,12.432835820895523,28.047138047138045,18.14814814814815
2026-03-13 19:39:29,3579.0,4095.0,3987.0,22.8,56,45.4954954954955,100.0,96.84772065955383,12.44776119402985,28.08080808080808,18.169934640522875
2026-03-13 19:54:31,3577.0,4095.0,3987.0,22.8,56,44.5945945945946,100.0,96.84772065955383,12.462686567164178,28.114478114478114,18.191721132897605
2026-03-13 20:09:33,3561.0,4095.0,3991.0,22.8,56,37.38738738738739,100.0,97.8176527643065,12.477611940298507,28.14814814814815,18.21350762527233
2026-03-13 20:24:36,3548.0,4095.0,3995.0,22.8,56,31.53153153153153,100.0,98.78758486905916,12.492537313432836,28.18181818181818,18.23529411764706
2026-03-13 20:39:36,3509.0,4095.0,3994.0,22.8,56,13.963963963963963,100.0,98.54510184287099,12.507462686567164,28.215488215488215,18.257080610021788
2026-03-13 20:54:37,3529.0,4095.0,3993.0,22.8,56,22.972972972972975,100.0,98.30261881668282,12.522388059701493,28.24915824915825,18.278867102396514
2026-03-13 21:09:38,3528.0,4095.0,3993.0,22.8,56,22.52252252252252,100.0,98.30261881668282,12.53731343283582,28.282828282828284,18.300653594771244
2026-03-13 21:24:38,3550.0,4095.0,3989.0,22.8,56,32.432432432432435,100.0,97.33268671193017,12.552238805970148,28.316498316498315,18.32244008714597
2026-03-13 21:39:39,3565.0,4095.0,3993.0,22.7,55,39.189189189189186,100.0,98.30261881668282,12.567164179104477,28.35016835016835,18.344226579520697
2026-03-13 21:54:40,3572.0,4095.0,3992.0,22.7,55,42.34234234234234,100.0,98.06013579049466,12.582089552238806,28.383838383838384,18.366013071895427
2026-03-13 22:09:40,3592.0,4095.0,3991.0,22.7,55,51.35135135135135,100.0,97.8176527643065,12.597014925373134,28.41750841750842,18.387799564270153
2026-03-13 22:24:41,3606.0,4063.0,3993.0,22.7,55,57.65765765765766,100.0,98.30261881668282,12.611940298507463,28.45117845117845,18.40958605664488
2026-03-13 22:39:41,3609.0,4087.0,3989.0,22.7,55,59.009009009009006,100.0,97.33268671193017,12.626865671641792,28.484848484848484,18.43137254901961
2026-03-13 22:54:42,3612.0,4083.0,3991.0,22.7,55,60.36036036036037,100.0,97.8176527643065,12.641791044776118,28.51851851851852,18.453159041394336
2026-03-13 23:09:46,3610.0,4083.0,3985.0,22.7,55,59.45945945945946,100.0,96.36275460717751,12.656716417910447,28.55218855218855,18.474945533769063
2026-03-13 23:24:46,3605.0,4082.0,3987.0,22.7,56,57.20720720720721,100.0,96.84772065955383,12.671641791044776,28.585858585858585,18.496732026143793
2026-03-13 23:39:47,3609.0,4072.0,3977.0,22.7,56,59.009009009009006,100.0,94.42289039767216,12.686567164179104,28.61952861952862,18.51851851851852
2026-03-13 23:54:48,3603.0,4063.0,3975.0,22.7,56,56.30630630630631,100.0,93.93792434529583,12.701492537313433,28.653198653198654,18.54030501089325
2026-03-14 00:09:49,3599.0,4061.0,3973.0,22.7,56,54.5045045045045,100.0,93.45295829291949,12.716417910447761,28.686868686868685,18.562091503267975
2026-03-14 00:24:50,3596.0,4067.0,3977.0,22.7,56,53.153153153153156,100.0,94.42289039767216,12.73134328358209,28.72053872053872,18.583877995642702
2026-03-14 00:39:50,3594.0,4055.0,3975.0,22.7,56,52.25225225225225,100.0,93.93792434529583,12.746268656716417,28.754208754208754,18.605664488017432
2026-03-14 00:54:51,3602.0,4055.0,3979.0,22.7,56,55.85585585585585,100.0,94.9078564500485,12.761194029850746,28.78787878787879,18.627450980392158
2026-03-14 01:09:51,3601.0,4059.0,3981.0,22.7,56,55.4054054054054,100.0,95.39282250242483,12.776119402985074,28.82154882154882,18.649237472766885
2026-03-14 01:24:51,3602.0,4051.0,3981.0,22.7,56,55.85585585585585,100.0,95.39282250242483,12.791044776119403,28.855218855218855,18.671023965141615
2026-03-14 01:39:52,3603.0,4043.0,3979.0,22.8,56,56.30630630630631,100.0,94.9078564500485,12.805970149253731,28.88888888888889,18.69281045751634
2026-03-14 01:54:53,3601.0,4043.0,3979.0,22.8,56,55.4054054054054,100.0,94.9078564500485,12.82089552238806,28.92255892255892,18.714596949891067
2026-03-14 02:09:54,3605.0,4041.0,3977.0,22.8,57,57.20720720720721,100.0,94.42289039767216,12.835820895522389,28.956228956228955,18.736383442265797
2026-03-14 02:24:54,3606.0,4051.0,3979.0,22.8,57,57.65765765765766,100.0,94.9078564500485,12.850746268656716,28.98989898989899,18.758169934640524
2026-03-14 02:39:55,3605.0,4051.0,3977.0,22.8,57,57.20720720720721,100.0,94.42289039767216,12.865671641791044,29.023569023569024,18.77995642701525
2026-03-14 02:54:55,3602.0,4059.0,3979.0,22.8,57,55.85585585585585,100.0,94.9078564500485,12.880597014925373,29.057239057239055,18.80174291938998
2026-03-14 03:09:55,3610.0,4057.0,3975.0,22.8,57,59.45945945945946,100.0,93.93792434529583,12.895522388059701,29.09090909090909,18.823529411764707
2026-03-14 03:24:56,3618.0,4063.0,3977.0,22.8,57,63.06306306306306,100.0,94.42289039767216,12.91044776119403,29.124579124579125,18.845315904139433
2026-03-14 03:39:57,3607.0,4066.0,3965.0,22.8,57,58.108108108108105,100.0,91.51309408341416,12.925373134328359,29.15824915824916,18.867102396514163
2026-03-14 03:54:58,3620.0,4063.0,3967.0,22.8,57,63.96396396396396,100.0,91.9980601357905,12.940298507462686,29.19191919191919,18.88888888888889
2026-03-14 04:09:58,3607.0,4067.0,3975.0,22.8,57,58.108108108108105,100.0,93.93792434529583,12.955223880597014,29.225589225589225,18.91067538126362
2026-03-14 04:24:59,3615.0,4063.0,3963.0,22.8,57,61.711711711711715,100.0,91.02812803103782,12.970149253731343,29.25925925925926,18.932461873638346
2026-03-14 04:40:00,3605.0,4055.0,3967.0,22.8,57,57.20720720720721,100.0,91.9980601357905,12.985074626865671,29.292929292929294,18.954248366013072
2026-03-14 04:55:00,3606.0,4043.0,3977.0,22.8,57,57.65765765765766,100.0,94.42289039767216,13.0,29.326599326599325,18.976034858387802
2026-03-14 05:10:01,3606.0,4037.0,3968.0,22.8,56,57.65765765765766,100.0,92.24054316197866,13.014925373134329,29.36026936026936,18.99782135076253
2026-03-14 05:25:02,3592.0,4037.0,3967.0,22.8,56,51.35135135135135,100.0,91.9980601357905,13.029850746268657,29.393939393939394,19.019607843137255
2026-03-14 05:40:03,3599.0,4025.0,3974.0,22.7,56,54.5045045045045,100.0,93.69544131910766,13.044776119402984,29.427609427609426,19.041394335511985
2026-03-14 05:55:04,3608.0,4041.0,3987.0,22.7,56,58.55855855855856,100.0,96.84772065955383,13.059701492537313,29.46127946127946,19.06318082788671
2026-03-14 06:10:06,3593.0,4025.0,3987.0,22.7,56,51.80180180180181,100.0,96.84772065955383,13.074626865671641,29.494949494949495,19.084967320261438
2026-03-14 06:25:07,3602.0,4039.0,3992.0,22.7,56,55.85585585585585,100.0,98.06013579049466,13.08955223880597,29.52861952861953,19.106753812636168
2026-03-14 06:40:08,3590.0,4015.0,3989.0,22.6,56,50.45045045045045,100.0,97.33268671193017,13.104477611940299,29.56228956228956,19.128540305010894
2026-03-14 06:55:09,3595.0,4041.0,3981.0,22.6,56,52.702702702702695,100.0,95.39282250242483,13.119402985074627,29.595959595959595,19.15032679738562
2026-03-14 07:10:09,3601.0,4031.0,3979.0,22.5,56,55.4054054054054,100.0,94.9078564500485,13.134328358208956,29.62962962962963,19.17211328976035
2026-03-14 07:25:10,3596.0,4029.0,3978.0,22.4,56,53.153153153153156,100.0,94.66537342386033,13.149253731343283,29.663299663299664,19.193899782135077
2026-03-14 07:40:10,3594.0,4045.0,3979.0,22.3,56,52.25225225225225,100.0,94.9078564500485,13.164179104477611,29.696969696969695,19.215686274509807
2026-03-14 07:55:11,3593.0,4027.0,3979.0,22.3,57,51.80180180180181,100.0,94.9078564500485,13.17910447761194,29.73063973063973,19.237472766884533
2026-03-14 08:10:11,3579.0,4015.0,3965.0,22.2,57,45.4954954954955,100.0,91.51309408341416,13.194029850746269,29.764309764309765,19.25925925925926
2026-03-14 08:25:12,3580.0,4023.0,3963.0,22.2,57,45.94594594594595,100.0,91.02812803103782,13.208955223880597,29.797979797979796,19.28104575163399
2026-03-14 08:40:13,3589.0,4019.0,3963.0,22.1,57,50.0,100.0,91.02812803103782,13.223880597014926,29.83164983164983,19.302832244008716
2026-03-14 08:55:16,3592.0,4015.0,3974.0,22.1,57,51.35135135135135,100.0,93.69544131910766,13.238805970149253,29.865319865319865,19.324618736383442
2026-03-14 09:10:16,3594.0,4023.0,3958.0,22.0,57,52.25225225225225,100.0,89.815712900097,13.253731343283581,29.8989898989899,19.346405228758172
2026-03-14 09:25:17,3589.0,4009.0,3960.0,21.9,57,50.0,100.0,90.30067895247333,13.26865671641791,29.93265993265993,19.3681917211329
2026-03-14 09:40:18,3599.0,4011.0,3963.0,21.9,57,54.5045045045045,100.0,91.02812803103782,13.283582089552239,29.966329966329965,19.389978213507625
2026-03-14 09:55:18,3597.0,4011.0,3963.0,21.8,57,53.6036036036036,100.0,91.02812803103782,13.298507462686567,30.0,19.411764705882355
2026-03-14 10:10:19,3608.0,4011.0,3963.0,21.8,57,58.55855855855856,100.0,91.02812803103782,13.313432835820896,30.0,19.43355119825708
2026-03-14 10:25:19,3607.0,4007.0,3961.0,21.8,57,58.108108108108105,100.0,90.54316197866149,13.328358208955224,30.0,19.455337690631808
2026-03-14 10:40:20,3604.0,3995.0,3956.0,21.7,57,56.75675675675676,99.01166238387033,89.33074684772066,13.343283582089551,30.0,19.477124183006538
2026-03-14 10:55:21,3596.0,3991.0,3950.0,21.7,57,53.153153153153156,98.22099229096659,87.87584869059167,13.35820895522388,30.0,19.498910675381264
2026-03-14 11:10:22,3609.0,3995.0,3957.0,21.7,57,59.009009009009006,99.01166238387033,89.57322987390883,13.373134328358208,30.0,19.52069716775599
2026-03-14 11:25:25,3601.0,3999.0,3945.0,21.7,57,55.4054054054054,99.80233247677407,86.66343355965083,13.388059701492537,30.0,19.54248366013072
2026-03-14 11:40:26,3603.0,4000.0,3945.0,21.7,57,56.30630630630631,100.0,86.66343355965083,13.402985074626866,30.0,19.564270152505447
2026-03-14 11:55:27,3603.0,3997.0,3945.0,21.7,57,56.30630630630631,99.40699743032219,86.66343355965083,13.417910447761194,30.0,19.586056644880177
2026-03-14 12:10:28,3602.0,4009.0,3943.0,21.7,57,55.85585585585585,100.0,86.17846750727449,13.432835820895523,30.0,19.607843137254903
2026-03-14 12:25:29,3605.0,4007.0,3943.0,21.8,57,57.20720720720721,100.0,86.17846750727449,13.44776119402985,30.0,19.62962962962963
2026-03-14 12:40:30,3615.0,4011.0,3945.0,21.9,57,61.711711711711715,100.0,86.66343355965083,13.462686567164178,30.0,19.65141612200436
2026-03-14 12:55:30,3605.0,4005.0,3957.0,21.9,57,57.20720720720721,100.0,89.57322987390883,13.477611940298507,30.0,19.673202614379086
2026-03-14 13:10:30,3606.0,4005.0,3955.0,22.0,57,57.65765765765766,100.0,89.0882638215325,13.492537313432836,30.0,19.694989106753813
2026-03-14 13:25:31,3615.0,3998.0,3959.0,22.1,57,61.711711711711715,99.60466495354812,90.05819592628517,13.507462686567164,30.0,19.716775599128542
2026-03-14 13:40:32,3596.0,4007.0,3957.0,22.1,57,53.153153153153156,100.0,89.57322987390883,13.522388059701493,30.0,19.73856209150327
2026-03-14 13:55:33,3595.0,4005.0,3957.0,22.2,57,52.702702702702695,100.0,89.57322987390883,13.53731343283582,30.0,19.760348583877995
2026-03-14 14:10:33,3592.0,3946.0,3955.0,22.2,57,51.35135135135135,89.32595374579957,89.0882638215325,13.552238805970148,30.0,19.782135076252725
2026-03-14 14:25:34,3589.0,3946.0,3959.0,22.2,57,50.0,89.32595374579957,90.05819592628517,13.567164179104477,30.0,19.80392156862745
2026-03-14 14:40:35,3597.0,3927.0,3947.0,22.2,57,53.6036036036036,85.57027080450682,87.14839961202716,13.582089552238806,30.0,19.825708061002178
2026-03-14 14:55:36,3591.0,3928.0,3949.0,22.3,57,50.9009009009009,85.76793832773275,87.6333656644035,13.597014925373134,30.0,19.847494553376908
2026-03-14 15:10:36,3589.0,3943.0,3951.0,22.3,57,50.0,88.73295117612176,88.11833171677984,13.611940298507463,30.0,19.869281045751634
2026-03-14 15:25:36,3594.0,3939.0,3963.0,22.3,57,52.25225225225225,87.94228108321803,91.02812803103782,13.626865671641792,30.0,19.891067538126364
2026-03-14 15:40:37,3579.0,3943.0,3966.0,22.4,57,45.4954954954955,88.73295117612176,91.75557710960233,13.641791044776118,30.0,19.91285403050109
2026-03-14 15:55:38,3579.0,3924.0,3951.0,22.4,57,45.4954954954955,84.97726823482901,88.11833171677984,13.656716417910447,30.0,19.934640522875817
2026-03-14 16:10:39,3571.0,3949.0,3945.0,22.5,57,41.891891891891895,89.91895631547737,86.66343355965083,13.671641791044776,30.0,19.956427015250547
2026-03-14 16:25:39,3578.0,3933.0,3949.0,22.6,57,45.04504504504504,86.75627594386242,87.6333656644035,13.686567164179104,30.0,19.978213507625274
2026-03-14 16:40:41,3576.0,3931.0,3943.0,22.6,57,44.14414414414414,86.36094089741056,86.17846750727449,13.701492537313433,30.0,20.0
2026-03-14 16:55:42,3580.0,3918.0,3943.0,22.6,57,45.94594594594595,83.79126309547341,86.17846750727449,13.716417910447761,30.0,20.02178649237473
2026-03-14 17:10:43,3593.0,3897.0,3956.0,22.6,56,51.80180180180181,79.6402451077288,89.33074684772066,13.73134328358209,30.0,20.043572984749456
2026-03-14 17:25:44,3590.0,3887.0,3966.0,22.6,56,50.45045045045045,77.66356987546946,91.75557710960233,13.746268656716417,30.0,20.065359477124183
2026-03-14 17:40:45,3595.0,3885.0,3963.0,22.7,56,52.702702702702695,77.2682348290176,91.02812803103782,13.761194029850746,30.0,20.087145969498913
2026-03-14 17:55:45,3611.0,3887.0,3967.0,22.8,56,59.909909909909906,77.66356987546946,91.9980601357905,13.776119402985074,30.0,20.10893246187364
2026-03-14 18:10:47,3606.0,3875.0,3979.0,22.8,56,57.65765765765766,75.29155959675826,94.9078564500485,13.791044776119403,30.0,20.130718954248366
2026-03-14 18:25:50,3604.0,3876.0,3979.0,22.8,56,56.75675675675676,75.48922711998419,94.9078564500485,13.805970149253731,30.0,20.152505446623096
2026-03-14 18:40:52,3603.0,3875.0,3987.0,22.8,56,56.30630630630631,75.29155959675826,96.84772065955383,13.82089552238806,30.0,20.174291938997822
2026-03-14 18:55:52,3599.0,3869.0,3982.0,22.8,56,54.5045045045045,74.10555445740266,95.635305528613,13.835820895522387,30.0,20.196078431372552
2026-03-14 19:10:53,3597.0,3867.0,3993.0,22.8,55,53.6036036036036,73.71021941095078,98.30261881668282,13.850746268656716,30.0,20.21786492374728
2026-03-14 19:25:54,3602.0,3869.0,3995.0,22.8,55,55.85585585585585,74.10555445740266,98.78758486905916,13.865671641791044,30.0,20.239651416122005
2026-03-14 19:40:55,3599.0,3848.0,3999.0,22.8,55,54.5045045045045,69.95453646965804,99.75751697381183,13.880597014925373,30.0,20.261437908496735
2026-03-14 19:55:55,3591.0,3848.0,3995.0,22.8,55,50.9009009009009,69.95453646965804,98.78758486905916,13.895522388059701,30.0,20.28322440087146
2026-03-14 20:10:56,3577.0,3847.0,3997.0,22.8,55,44.5945945945946,69.7568689464321,99.2725509214355,13.91044776119403,30.0,20.305010893246187
2026-03-14 20:25:57,3594.0,3859.0,3976.0,22.9,55,52.25225225225225,72.12887922514332,94.180407371484,13.925373134328359,30.0,20.326797385620917
2026-03-14 20:40:59,3605.0,3860.0,3973.0,22.9,55,57.20720720720721,72.32654674836925,93.45295829291949,13.940298507462686,30.0,20.348583877995644
2026-03-14 20:56:00,3606.0,3865.0,3967.0,22.9,55,57.65765765765766,73.31488436449892,91.9980601357905,13.955223880597014,30.0,20.37037037037037
2026-03-14 21:11:00,3597.0,3859.0,3965.0,22.9,55,53.6036036036036,72.12887922514332,91.51309408341416,13.970149253731343,30.0,20.3921568627451
2026-03-14 21:26:01,3604.0,3849.0,3968.0,22.9,55,56.75675675675676,70.15220399288398,92.24054316197866,13.985074626865671,30.0,20.413943355119827
2026-03-14 21:41:02,3607.0,3913.0,3961.0,22.9,55,58.108108108108105,82.80292547934374,90.54316197866149,14.0,30.0,20.435729847494553
2026-03-14 21:56:02,3608.0,3909.0,3967.0,23.0,55,58.55855855855856,82.01225538644002,91.9980601357905,14.014925373134329,30.0,20.457516339869283
2026-03-14 22:11:03,3596.0,3917.0,3996.0,23.0,55,53.153153153153156,83.59359557224748,99.03006789524733,14.029850746268657,30.0,20.47930283224401
2026-03-14 22:26:03,3597.0,3918.0,3997.0,23.0,55,53.6036036036036,83.79126309547341,99.2725509214355,14.044776119402984,30.0,20.501089324618736
2026-03-14 22:41:03,3606.0,3903.0,4007.0,23.0,55,57.65765765765766,80.8262502470844,100.0,14.059701492537313,30.0,20.522875816993466
2026-03-14 22:56:04,3605.0,3915.0,4015.0,23.1,55,57.20720720720721,83.19826052579562,100.0,14.074626865671641,30.0,20.544662309368192
2026-03-14 23:11:04,3597.0,3934.0,4023.0,23.1,55,53.6036036036036,86.95394346708835,100.0,14.08955223880597,30.0,20.566448801742922
2026-03-14 23:26:04,3592.0,3927.0,4019.0,23.2,55,51.35135135135135,85.57027080450682,100.0,14.104477611940299,30.0,20.58823529411765
2026-03-14 23:41:05,3604.0,3929.0,4022.0,23.2,55,56.75675675675676,85.9656058509587,100.0,14.119402985074627,30.0,20.610021786492375
2026-03-14 23:56:05,3603.0,3927.0,4023.0,23.2,55,56.30630630630631,85.57027080450682,100.0,14.134328358208956,30.0,20.631808278867105
2026-03-15 00:11:06,3599.0,3925.0,4021.0,23.2,55,54.5045045045045,85.17493575805496,100.0,14.149253731343283,30.0,20.65359477124183
2026-03-15 00:26:06,3592.0,3923.0,4021.0,23.3,55,51.35135135135135,84.77960071160308,100.0,14.164179104477611,30.0,20.675381263616558
2026-03-15 00:41:08,3595.0,3883.0,4019.0,23.3,56,52.702702702702695,76.87289978256572,100.0,14.17910447761194,30.0,20.697167755991288
2026-03-15 00:56:08,3576.0,3863.0,4020.0,23.3,56,44.14414414414414,72.91954931804705,100.0,14.194029850746269,30.0,20.718954248366014
2026-03-15 01:11:09,3589.0,3863.0,4027.0,23.3,56,50.0,72.91954931804705,100.0,14.208955223880597,30.0,20.74074074074074
2026-03-15 01:26:10,3577.0,3853.0,4027.0,23.4,56,44.5945945945946,70.94287408578771,100.0,14.223880597014926,30.0,20.76252723311547
2026-03-15 01:41:10,3591.0,3833.0,4027.0,23.4,56,50.9009009009009,66.98952362126903,100.0,14.238805970149253,30.0,20.784313725490197
2026-03-15 01:56:10,3580.0,3829.0,4029.0,23.4,56,45.94594594594595,66.1988535283653,100.0,14.253731343283581,30.0,20.806100217864923
2026-03-15 02:11:12,3658.0,3499.0,4023.0,23.4,56,81.08108108108108,0.9685708638070942,100.0,14.26865671641791,30.0,20.827886710239653
2026-03-15 02:26:13,3596.0,3383.0,4023.0,23.4,56,53.153153153153156,0.0,100.0,14.283582089552239,30.0,20.84967320261438
2026-03-15 02:41:14,3606.0,3387.0,4028.0,23.4,57,57.65765765765766,0.0,100.0,14.298507462686567,30.0,20.87145969498911
2026-03-15 02:56:16,3603.0,3386.0,4027.0,23.4,57,56.30630630630631,0.0,100.0,14.313432835820896,30.0,20.893246187363836
2026-03-15 03:11:17,3599.0,3389.0,4027.0,23.4,57,54.5045045045045,0.0,100.0,14.328358208955224,30.0,20.915032679738562
2026-03-15 03:26:17,3601.0,3390.0,4025.0,23.4,57,55.4054054054054,0.0,100.0,14.343283582089551,30.0,20.936819172113292
2026-03-15 03:41:18,3604.0,3400.0,4031.0,23.4,57,56.75675675675676,0.0,100.0,14.35820895522388,30.0,20.95860566448802
2026-03-15 03:56:18,3607.0,3385.0,4027.0,23.4,57,58.108108108108105,0.0,100.0,14.373134328358208,30.0,20.980392156862745
2026-03-15 04:11:19,3603.0,3397.0,4024.0,23.4,57,56.30630630630631,0.0,100.0,14.388059701492537,30.0,21.002178649237475
2026-03-15 04:26:19,3611.0,3379.0,4024.0,23.4,57,59.909909909909906,0.0,100.0,14.402985074626866,30.0,21.0239651416122
2026-03-15 04:41:20,3619.0,3381.0,4019.0,23.4,57,63.51351351351351,0.0,100.0,14.417910447761194,30.0,21.045751633986928
2026-03-15 04:56:20,3611.0,3383.0,4020.0,23.3,57,59.909909909909906,0.0,100.0,14.432835820895523,30.0,21.067538126361658
2026-03-15 05:11:21,3615.0,3383.0,4015.0,23.3,56,61.711711711711715,0.0,100.0,14.44776119402985,30.0,21.089324618736384
2026-03-15 05:26:21,3603.0,3384.0,4012.0,23.3,56,56.30630630630631,0.0,100.0,14.462686567164178,30.0,21.11111111111111
2026-03-15 05:41:22,3607.0,3385.0,4009.0,23.3,56,58.108108108108105,0.0,100.0,14.477611940298507,30.0,21.13289760348584
2026-03-15 05:56:22,3603.0,3385.0,4007.0,23.3,56,56.30630630630631,0.0,100.0,14.492537313432836,30.0,21.154684095860567
2026-03-15 06:11:24,3605.0,3387.0,4005.0,23.3,56,57.20720720720721,0.0,100.0,14.507462686567164,30.0,21.176470588235297
2026-03-15 06:26:25,3603.0,3389.0,3995.0,23.3,56,56.30630630630631,0.0,98.78758486905916,14.522388059701493,30.0,21.198257080610023
2026-03-15 06:41:25,3601.0,3403.0,3999.0,23.2,56,55.4054054054054,0.0,99.75751697381183,14.53731343283582,30.0,21.22004357298475
2026-03-15 06:56:26,3597.0,3416.0,3993.0,23.2,56,53.6036036036036,0.0,98.30261881668282,14.552238805970148,30.0,21.24183006535948
2026-03-15 07:11:26,3599.0,3411.0,4003.0,23.2,56,54.5045045045045,0.0,100.0,14.567164179104477,30.0,21.263616557734206
2026-03-15 07:26:27,3606.0,3407.0,3999.0,23.2,56,57.65765765765766,0.0,99.75751697381183,14.582089552238806,30.0,21.285403050108933
2026-03-15 07:41:28,3602.0,3412.0,3997.0,23.2,56,55.85585585585585,0.0,99.2725509214355,14.597014925373134,30.0,21.307189542483663
2026-03-15 07:56:30,3597.0,3421.0,3997.0,23.2,56,53.6036036036036,0.0,99.2725509214355,14.611940298507463,30.0,21.32897603485839
2026-03-15 08:11:31,3588.0,3518.0,3995.0,23.2,56,49.549549549549546,4.724253805099839,98.78758486905916,14.626865671641792,30.0,21.350762527233115
2026-03-15 08:26:32,3609.0,3405.0,3991.0,23.2,56,59.009009009009006,0.0,97.8176527643065,14.641791044776118,30.0,21.372549019607845
2026-03-15 08:41:33,3603.0,3413.0,3980.0,23.3,56,56.30630630630631,0.0,95.15033947623667,14.656716417910447,30.0,21.39433551198257
2026-03-15 08:56:33,3592.0,3412.0,3979.0,23.3,56,51.35135135135135,0.0,94.9078564500485,14.671641791044776,30.0,21.416122004357298
2026-03-15 09:11:34,3592.0,3416.0,3980.0,23.3,56,51.35135135135135,0.0,95.15033947623667,14.686567164179104,30.0,21.437908496732028
2026-03-15 09:26:37,3590.0,3437.0,3967.0,23.3,56,50.45045045045045,0.0,91.9980601357905,14.701492537313433,30.0,21.459694989106755
2026-03-15 09:41:37,3596.0,3445.0,3968.0,23.3,56,53.153153153153156,0.0,92.24054316197866,14.716417910447761,30.0,21.48148148148148
2026-03-15 09:56:40,3576.0,3435.0,3965.0,23.3,56,44.14414414414414,0.0,91.51309408341416,14.73134328358209,30.0,21.50326797385621
2026-03-15 10:11:41,3567.0,3435.0,3962.0,23.3,57,40.090090090090094,0.0,90.78564500484966,14.746268656716417,30.0,21.525054466230937
2026-03-15 10:26:42,3578.0,3435.0,3959.0,23.3,57,45.04504504504504,0.0,90.05819592628517,14.761194029850746,30.0,21.546840958605667
2026-03-15 10:41:43,3573.0,3436.0,3961.0,23.3,57,42.792792792792795,0.0,90.54316197866149,14.776119402985074,30.0,21.568627450980394
2026-03-15 10:56:43,3568.0,3435.0,3973.0,23.4,57,40.54054054054054,0.0,93.45295829291949,14.791044776119403,30.0,21.59041394335512
2026-03-15 11:11:45,3564.0,3435.0,3963.0,23.4,57,38.73873873873874,0.0,91.02812803103782,14.805970149253731,30.0,21.61220043572985
2026-03-15 11:26:45,3567.0,3433.0,3987.0,23.4,57,40.090090090090094,0.0,96.84772065955383,14.82089552238806,30.0,21.633986928104576
2026-03-15 11:41:46,3596.0,3431.0,3997.0,23.4,57,53.153153153153156,0.0,99.2725509214355,14.835820895522387,30.0,21.655773420479303
2026-03-15 11:56:47,3609.0,3433.0,4008.0,23.5,57,59.009009009009006,0.0,100.0,14.850746268656716,30.0,21.677559912854033
2026-03-15 12:11:48,3597.0,3436.0,4019.0,23.5,57,53.6036036036036,0.0,100.0,14.865671641791044,30.0,21.69934640522876
2026-03-15 12:26:49,3590.0,3439.0,4019.0,23.5,56,50.45045045045045,0.0,100.0,14.880597014925373,30.0,21.721132897603486
2026-03-15 12:41:50,3599.0,3444.0,4013.0,23.5,56,54.5045045045045,0.0,100.0,14.895522388059701,30.0,21.742919389978216
2026-03-15 12:56:51,3589.0,3437.0,4011.0,23.5,56,50.0,0.0,100.0,14.91044776119403,30.0,21.764705882352942
2026-03-15 13:11:52,3581.0,3437.0,4008.0,23.5,56,46.3963963963964,0.0,100.0,14.925373134328359,30.0,21.78649237472767
2026-03-15 13:26:52,3592.0,3450.0,4012.0,23.6,56,51.35135135135135,0.0,100.0,14.940298507462686,30.0,21.8082788671024
2026-03-15 13:41:53,3576.0,3858.0,4009.0,23.6,56,44.14414414414414,71.93121170191738,100.0,14.955223880597014,30.0,21.830065359477125
2026-03-15 13:56:54,3573.0,4095.0,4009.0,23.6,56,42.792792792792795,100.0,100.0,14.970149253731343,30.0,21.851851851851855
2026-03-15 14:11:55,3565.0,4095.0,4011.0,23.6,55,39.189189189189186,100.0,100.0,14.985074626865671,30.0,21.87363834422658
2026-03-15 14:26:56,3571.0,3903.0,4008.0,23.6,55,41.891891891891895,80.8262502470844,100.0,15.0,30.0,21.895424836601308
2026-03-15 14:41:58,3564.0,3643.0,4009.0,23.6,55,38.73873873873874,29.43269420834158,100.0,15.014925373134329,30.0,21.917211328976038
2026-03-15 14:56:58,3578.0,4095.0,4011.0,23.6,55,45.04504504504504,100.0,100.0,15.029850746268657,30.0,21.938997821350764
2026-03-15 15:11:59,3575.0,4094.0,4011.0,23.6,55,43.69369369369369,100.0,100.0,15.044776119402984,30.0,21.96078431372549
2026-03-15 15:27:00,3572.0,4095.0,4008.0,23.6,55,42.34234234234234,100.0,100.0,15.059701492537313,30.0,21.98257080610022
2026-03-15 15:42:00,3577.0,4095.0,4008.0,23.6,55,44.5945945945946,100.0,100.0,15.074626865671641,30.0,22.004357298474947
2026-03-15 15:57:01,3555.0,3341.0,3983.0,23.7,55,34.68468468468468,0.0,95.87778855480117,15.08955223880597,30.0,22.026143790849673
2026-03-15 16:12:01,3567.0,4095.0,3983.0,23.7,55,40.090090090090094,100.0,95.87778855480117,15.104477611940299,30.0,22.047930283224403
2026-03-15 16:27:03,3563.0,4095.0,3992.0,23.7,55,38.288288288288285,100.0,98.06013579049466,15.119402985074627,30.0,22.06971677559913
2026-03-15 16:42:04,3565.0,4095.0,3993.0,23.8,55,39.189189189189186,100.0,98.30261881668282,15.134328358208954,30.0,22.091503267973856
2026-03-15 16:57:05,3575.0,4095.0,3995.0,23.8,55,43.69369369369369,100.0,98.78758486905916,15.149253731343283,30.0,22.113289760348586
2026-03-15 17:12:06,3566.0,4095.0,3997.0,23.8,55,39.63963963963964,100.0,99.2725509214355,15.164179104477611,30.0,22.135076252723312
2026-03-15 17:27:06,3564.0,4095.0,4003.0,23.8,55,38.73873873873874,100.0,100.0,15.17910447761194,30.0,22.156862745098042
2026-03-15 17:42:08,3555.0,4095.0,4007.0,23.8,55,34.68468468468468,100.0,100.0,15.194029850746269,30.0,22.17864923747277
2026-03-15 17:57:08,3546.0,4095.0,3996.0,23.8,55,30.630630630630627,100.0,99.03006789524733,15.208955223880597,30.0,22.200435729847495
2026-03-15 18:12:09,3548.0,4095.0,3998.0,23.8,56,31.53153153153153,100.0,99.51503394762366,15.223880597014926,30.0,22.222222222222225
2026-03-15 18:27:10,3539.0,4095.0,3998.0,23.8,56,27.47747747747748,100.0,99.51503394762366,15.238805970149253,30.0,22.24400871459695
2026-03-15 18:42:10,3544.0,4095.0,4003.0,23.8,56,29.72972972972973,100.0,100.0,15.253731343283581,30.0,22.265795206971678
2026-03-15 18:57:11,3538.0,4095.0,3999.0,23.8,56,27.027027027027028,100.0,99.75751697381183,15.26865671641791,30.0,22.287581699346408
2026-03-15 19:12:12,3539.0,4095.0,4004.0,23.8,56,27.47747747747748,100.0,100.0,15.283582089552239,30.0,22.309368191721134
2026-03-15 19:27:15,3540.0,4095.0,3995.0,23.8,56,27.927927927927925,100.0,98.78758486905916,15.298507462686567,30.0,22.33115468409586
2026-03-15 19:42:16,3529.0,4095.0,4000.0,23.8,56,22.972972972972975,100.0,100.0,15.313432835820896,30.0,22.35294117647059
2026-03-15 19:57:16,3519.0,4095.0,3999.0,23.7,56,18.46846846846847,100.0,99.75751697381183,15.328358208955224,30.0,22.374727668845317
2026-03-15 20:12:17,3525.0,4095.0,3997.0,23.7,56,21.17117117117117,100.0,99.2725509214355,15.343283582089551,30.0,22.396514161220043
2026-03-15 20:27:18,3519.0,4095.0,3997.0,23.7,56,18.46846846846847,100.0,99.2725509214355,15.35820895522388,30.0,22.418300653594773
2026-03-15 20:42:19,3559.0,4095.0,3999.0,23.7,56,36.486486486486484,100.0,99.75751697381183,15.373134328358208,30.0,22.4400871459695
2026-03-15 20:57:19,3567.0,4095.0,3997.0,23.7,56,40.090090090090094,100.0,99.2725509214355,15.388059701492537,30.0,22.461873638344226
2026-03-15 21:12:20,3589.0,4095.0,3998.0,23.7,56,50.0,100.0,99.51503394762366,15.402985074626866,30.0,22.483660130718956
2026-03-15 21:27:21,3590.0,4095.0,4004.0,23.6,56,50.45045045045045,100.0,100.0,15.417910447761194,30.0,22.505446623093682
2026-03-15 21:42:22,3603.0,4095.0,4011.0,23.6,56,56.30630630630631,100.0,100.0,15.432835820895523,30.0,22.527233115468412
2026-03-15 21:57:22,3588.0,4095.0,4015.0,23.6,56,49.549549549549546,100.0,100.0,15.44776119402985,30.0,22.54901960784314
2026-03-15 22:12:23,3578.0,4095.0,4027.0,23.6,56,45.04504504504504,100.0,100.0,15.462686567164178,30.0,22.570806100217865
2026-03-15 22:27:23,3580.0,4095.0,4023.0,23.6,56,45.94594594594595,100.0,100.0,15.477611940298507,30.0,22.592592592592595
2026-03-15 22:42:24,3575.0,4095.0,4029.0,23.7,57,43.69369369369369,100.0,100.0,15.492537313432836,30.0,22.61437908496732
2026-03-15 22:57:25,3555.0,4095.0,4040.0,23.7,57,34.68468468468468,100.0,100.0,15.507462686567164,30.0,22.636165577342048
2026-03-15 23:12:26,3550.0,4095.0,4039.0,23.7,57,32.432432432432435,100.0,100.0,15.522388059701493,30.0,22.657952069716778
2026-03-15 23:27:26,3533.0,4095.0,4023.0,23.7,57,24.774774774774773,100.0,100.0,15.53731343283582,30.0,22.679738562091504
2026-03-15 23:42:26,3535.0,4075.0,4023.0,23.7,57,25.675675675675674,100.0,100.0,15.552238805970148,30.0,22.70152505446623
2026-03-15 23:57:28,3543.0,4087.0,4015.0,23.6,57,29.27927927927928,100.0,100.0,15.567164179104477,30.0,22.72331154684096
2026-03-16 00:12:28,3545.0,4083.0,4011.0,23.6,57,30.180180180180184,100.0,100.0,15.582089552238806,30.0,22.745098039215687
2026-03-16 00:27:29,3557.0,4091.0,4013.0,23.6,57,35.585585585585584,100.0,100.0,15.597014925373134,30.0,22.766884531590414
2026-03-16 00:42:30,3557.0,4095.0,4009.0,23.6,58,35.585585585585584,100.0,100.0,15.611940298507463,30.0,22.788671023965144
2026-03-16 00:57:31,3563.0,4095.0,4022.0,23.6,58,38.288288288288285,100.0,100.0,15.626865671641792,30.0,22.81045751633987
2026-03-16 01:12:31,3572.0,4095.0,4011.0,23.6,58,42.34234234234234,100.0,100.0,15.641791044776118,30.0,22.8322440087146
2026-03-16 01:27:33,3561.0,4095.0,4015.0,23.6,58,37.38738738738739,100.0,100.0,15.656716417910447,30.0,22.854030501089326
2026-03-16 01:42:34,3575.0,4095.0,4013.0,23.6,58,43.69369369369369,100.0,100.0,15.671641791044776,30.0,22.875816993464053
2026-03-16 01:57:34,3568.0,4095.0,4009.0,23.6,58,40.54054054054054,100.0,100.0,15.686567164179104,30.0,22.897603485838783
2026-03-16 02:12:36,3581.0,4095.0,4011.0,23.6,59,46.3963963963964,100.0,100.0,15.701492537313433,30.0,22.91938997821351
2026-03-16 02:27:36,3575.0,4095.0,4021.0,23.5,59,43.69369369369369,100.0,100.0,15.716417910447761,30.0,22.941176470588236
2026-03-16 02:42:37,3530.0,4095.0,4011.0,23.5,59,23.423423423423422,100.0,100.0,15.73134328358209,30.0,22.962962962962965
2026-03-16 02:57:38,3541.0,4095.0,4013.0,23.5,59,28.37837837837838,100.0,100.0,15.746268656716417,30.0,22.984749455337692
2026-03-16 03:12:39,3540.0,4095.0,4013.0,23.4,59,27.927927927927925,100.0,100.0,15.761194029850746,30.0,23.00653594771242
2026-03-16 03:27:39,3577.0,4095.0,4015.0,23.4,59,44.5945945945946,100.0,100.0,15.776119402985074,30.0,23.02832244008715
2026-03-16 03:42:40,3596.0,4095.0,4005.0,23.4,59,53.153153153153156,100.0,100.0,15.791044776119403,30.0,23.050108932461875
2026-03-16 03:57:42,3624.0,3923.0,4003.0,23.3,59,65.76576576576578,84.77960071160308,100.0,15.805970149253731,30.0,23.0718954248366
2026-03-16 04:12:43,3545.0,3895.0,4003.0,23.3,59,30.180180180180184,79.24491006127694,100.0,15.82089552238806,30.0,23.09368191721133
2026-03-16 04:27:44,3556.0,3885.0,4007.0,23.3,59,35.13513513513514,77.2682348290176,100.0,15.835820895522387,30.0,23.115468409586057
2026-03-16 04:42:44,3557.0,3877.0,4000.0,23.2,59,35.585585585585584,75.68689464321012,100.0,15.850746268656716,30.0,23.137254901960787
2026-03-16 04:57:45,3574.0,3887.0,3999.0,23.2,59,43.24324324324324,77.66356987546946,99.75751697381183,15.865671641791044,30.0,23.159041394335514
2026-03-16 05:12:46,3577.0,3875.0,3999.0,23.1,59,44.5945945945946,75.29155959675826,99.75751697381183,15.880597014925373,30.0,23.18082788671024
2026-03-16 05:27:46,3563.0,3872.0,4023.0,23.0,58,38.288288288288285,74.69855702708045,100.0,15.895522388059701,30.0,23.20261437908497
2026-03-16 05:42:47,3563.0,3871.0,4021.0,23.0,58,38.288288288288285,74.50088950385452,100.0,15.91044776119403,30.0,23.224400871459697
2026-03-16 05:57:48,3540.0,3863.0,4019.0,23.0,58,27.927927927927925,72.91954931804705,100.0,15.925373134328359,30.0,23.246187363834423
2026-03-16 06:12:49,3535.0,3864.0,4019.0,23.0,58,25.675675675675674,73.11721684127298,100.0,15.940298507462686,30.0,23.267973856209153
2026-03-16 06:27:49,3531.0,3837.0,4025.0,23.0,58,23.873873873873876,67.78019371417277,100.0,15.955223880597014,30.0,23.28976034858388
2026-03-16 06:42:50,3539.0,3835.0,4015.0,23.0,58,27.47747747747748,67.3848586677209,100.0,15.970149253731343,30.0,23.311546840958606
2026-03-16 06:57:51,3534.0,3837.0,4023.0,23.0,58,25.225225225225223,67.78019371417277,100.0,15.985074626865671,30.0,23.333333333333336
2026-03-16 07:12:52,3546.0,3855.0,4019.0,23.0,58,30.630630630630627,71.33820913223958,100.0,16.0,30.0,23.355119825708062
2026-03-16 07:27:54,3536.0,3847.0,4009.0,23.0,58,26.126126126126124,69.7568689464321,100.0,16.01492537313433,30.0,23.37690631808279
2026-03-16 07:42:55,3533.0,3815.0,4004.0,22.9,58,24.774774774774773,63.43150820320223,100.0,16.029850746268657,30.0,23.39869281045752
2026-03-16 07:57:56,3513.0,3803.0,3996.0,22.9,58,15.765765765765765,61.05949792449101,99.03006789524733,16.044776119402986,30.0,23.420479302832245
2026-03-16 08:12:57,3517.0,3790.0,3993.0,22.9,58,17.56756756756757,58.48982012255387,98.30261881668282,16.059701492537314,30.0,23.44226579520697
2026-03-16 08:27:58,3516.0,3783.0,3993.0,22.9,58,17.117117117117118,57.106147459972334,98.30261881668282,16.074626865671643,30.0,23.4640522875817
2026-03-16 08:42:59,3551.0,3771.0,3989.0,22.9,58,32.88288288288289,54.73413718126112,97.33268671193017,16.089552238805968,30.0,23.485838779956428
2026-03-16 08:57:59,3508.0,4095.0,3991.0,22.9,58,13.513513513513514,100.0,97.8176527643065,16.104477611940297,30.0,23.507625272331158
2026-03-16 09:13:00,3508.0,4053.0,3996.0,22.9,58,13.513513513513514,100.0,99.03006789524733,16.119402985074625,30.0,23.529411764705884
2026-03-16 09:28:01,3529.0,4088.0,3999.0,22.9,58,22.972972972972975,100.0,99.75751697381183,16.134328358208954,30.0,23.55119825708061
2026-03-16 09:43:01,3529.0,4095.0,3999.0,22.9,58,22.972972972972975,100.0,99.75751697381183,16.149253731343283,30.0,23.57298474945534
2026-03-16 09:58:02,3525.0,4095.0,4003.0,22.9,58,21.17117117117117,100.0,100.0,16.16417910447761,30.0,23.594771241830067
2026-03-16 10:13:04,3525.0,4095.0,4000.0,22.9,58,21.17117117117117,100.0,100.0,16.17910447761194,30.0,23.616557734204793
2026-03-16 10:28:04,3544.0,3963.0,4005.0,22.9,58,29.72972972972973,92.68630164064045,100.0,16.19402985074627,30.0,23.638344226579523
2026-03-16 10:43:05,3542.0,4059.0,3995.0,22.9,58,28.82882882882883,100.0,98.78758486905916,16.208955223880597,30.0,23.66013071895425
2026-03-16 10:58:06,3549.0,4095.0,3999.0,22.9,58,31.98198198198198,100.0,99.75751697381183,16.223880597014926,30.0,23.681917211328976
2026-03-16 11:13:06,3556.0,3705.0,3992.0,22.9,58,35.13513513513514,41.688080648349484,98.06013579049466,16.238805970149254,30.0,23.703703703703706
2026-03-16 11:28:07,3546.0,3707.0,3983.0,22.9,58,30.630630630630627,42.08341569480136,95.87778855480117,16.253731343283583,30.0,23.725490196078432
2026-03-16 11:43:07,3547.0,3695.0,4015.0,22.9,58,31.08108108108108,39.711405416090145,100.0,16.26865671641791,30.0,23.74727668845316
2026-03-16 11:58:08,3538.0,3691.0,3985.0,23.0,57,27.027027027027028,38.92073532318641,96.36275460717751,16.283582089552237,30.0,23.76906318082789
2026-03-16 12:13:10,3549.0,3683.0,3981.0,23.0,57,31.98198198198198,37.339395137378936,95.39282250242483,16.298507462686565,30.0,23.790849673202615
2026-03-16 12:28:11,3541.0,3689.0,3977.0,23.0,57,28.37837837837838,38.525400276734544,94.42289039767216,16.313432835820894,30.0,23.812636165577345
2026-03-16 12:43:12,3524.0,3689.0,3981.0,23.0,57,20.72072072072072,38.525400276734544,95.39282250242483,16.328358208955223,30.0,23.83442265795207
2026-03-16 12:58:12,3516.0,3684.0,3983.0,23.1,57,17.117117117117118,37.537062660604875,95.87778855480117,16.34328358208955,30.0,23.856209150326798
2026-03-16 13:13:13,3528.0,3683.0,3979.0,23.1,57,22.52252252252252,37.339395137378936,94.9078564500485,16.35820895522388,30.0,23.877995642701528
2026-03-16 13:28:15,3512.0,3677.0,3977.0,23.1,57,15.315315315315313,36.153389998023336,94.42289039767216,16.37313432835821,30.0,23.899782135076254
2026-03-16 13:43:17,3516.0,3675.0,3981.0,23.1,57,17.117117117117118,35.75805495157147,95.39282250242483,16.388059701492537,30.0,23.92156862745098
2026-03-16 13:58:18,3516.0,3666.0,3987.0,23.1,57,17.117117117117118,33.979047242538066,96.84772065955383,16.402985074626866,30.0,23.94335511982571
2026-03-16 14:13:20,3534.0,3663.0,3998.0,23.1,57,25.225225225225223,33.38604467286026,99.51503394762366,16.417910447761194,30.0,23.965141612200437
2026-03-16 14:28:21,3518.0,3665.0,3991.0,23.1,57,18.01801801801802,33.78137971931213,97.8176527643065,16.432835820895523,30.0,23.986928104575163
2026-03-16 14:43:22,3532.0,3656.0,3988.0,23.1,57,24.324324324324326,32.00237201027873,97.090203685742,16.44776119402985,30.0,24.008714596949893
2026-03-16 14:58:24,3540.0,3651.0,3991.0,23.1,57,27.927927927927925,31.014034394149053,97.8176527643065,16.46268656716418,30.0,24.03050108932462
2026-03-16 15:13:25,3548.0,3653.0,3995.0,23.1,57,31.53153153153153,31.40936944060092,98.78758486905916,16.47761194029851,30.0,24.052287581699346
2026-03-16 15:28:31,3547.0,3655.0,3998.0,23.1,57,31.08108108108108,31.80470448705279,99.51503394762366,16.492537313432834,30.0,24.074074074074076
2026-03-16 15:43:34,3539.0,3635.0,4005.0,23.1,57,27.47747747747748,27.851354022534107,100.0,16.507462686567163,30.0,24.095860566448803
2026-03-16 15:58:36,3544.0,3621.0,4009.0,23.1,57,29.72972972972973,25.084008697371036,100.0,16.52238805970149,30.0,24.117647058823533
2026-03-16 16:13:39,3540.0,3597.0,4019.0,23.2,57,27.927927927927925,20.33998813994862,100.0,16.53731343283582,30.0,24.13943355119826
2026-03-16 16:28:42,3541.0,3580.0,4019.0,23.2,57,28.37837837837838,16.979640245107745,100.0,16.55223880597015,30.0,24.161220043572985
2026-03-16 16:43:43,3527.0,3566.0,4019.0,23.1,57,22.07207207207207,14.212294919944668,100.0,16.567164179104477,30.0,24.183006535947715
2026-03-16 16:58:44,3530.0,3571.0,4015.0,23.1,57,23.423423423423422,15.200632536074338,100.0,16.582089552238806,30.0,24.20479302832244
2026-03-16 17:13:46,3525.0,3565.0,4021.0,23.1,57,21.17117117117117,14.014627396718735,100.0,16.597014925373134,30.0,24.226579520697168
2026-03-16 17:28:48,3516.0,3560.0,4020.0,23.1,57,17.117117117117118,13.026289780589066,100.0,16.611940298507463,30.0,24.248366013071898
2026-03-16 17:43:49,3526.0,3559.0,4013.0,23.1,57,21.62162162162162,12.828622257363131,100.0,16.62686567164179,30.0,24.270152505446625
2026-03-16 17:58:50,3525.0,3559.0,4019.0,23.1,56,21.17117117117117,12.828622257363131,100.0,16.64179104477612,30.0,24.29193899782135
2026-03-16 18:13:50,3518.0,3556.0,4011.0,23.1,56,18.01801801801802,12.235619687685329,100.0,16.65671641791045,30.0,24.31372549019608
2026-03-16 18:28:51,3518.0,3519.0,4009.0,23.1,56,18.01801801801802,4.921921328325773,100.0,16.671641791044777,30.0,24.335511982570807
2026-03-16 18:43:52,3512.0,3448.0,4008.0,23.1,56,15.315315315315313,0.0,100.0,16.686567164179102,30.0,24.357298474945534
2026-03-16 18:58:53,3517.0,3417.0,4011.0,23.1,56,17.56756756756757,0.0,100.0,16.70149253731343,30.0,24.379084967320264
2026-03-16 19:13:54,3508.0,3540.0,4011.0,23.1,56,13.513513513513514,9.072939316070386,100.0,16.71641791044776,30.0,24.40087145969499
2026-03-16 19:28:55,3514.0,3543.0,4011.0,23.1,56,16.216216216216218,9.665941885748188,100.0,16.73134328358209,30.0,24.422657952069716
2026-03-16 19:43:56,3526.0,3545.0,4015.0,23.1,56,21.62162162162162,10.061276932200055,100.0,16.746268656716417,30.0,24.444444444444446
2026-03-16 19:59:01,3533.0,3539.0,4019.0,23.1,56,24.774774774774773,8.875271792844453,100.0,16.761194029850746,30.0,24.466230936819173
2026-03-16 20:14:03,3532.0,3533.0,4015.0,23.1,56,24.324324324324326,7.689266653488848,100.0,16.776119402985074,30.0,24.488017429193903
2026-03-16 20:29:04,3539.0,3530.0,4012.0,23.1,56,27.47747747747748,7.096264083811047,100.0,16.791044776119403,30.0,24.50980392156863
2026-03-16 20:44:06,3551.0,3529.0,4013.0,23.2,56,32.88288288288289,6.898596560585113,100.0,16.80597014925373,30.0,24.531590413943356
2026-03-16 20:59:08,3549.0,3533.0,4019.0,23.2,56,31.98198198198198,7.689266653488848,100.0,16.82089552238806,30.0,24.553376906318086
2026-03-16 21:14:10,3595.0,3518.0,4023.0,23.2,56,52.702702702702695,4.724253805099839,100.0,16.83582089552239,30.0,24.575163398692812
2026-03-16 21:29:11,3564.0,3530.0,4011.0,23.3,56,38.73873873873874,7.096264083811047,100.0,16.850746268656717,30.0,24.59694989106754
2026-03-16 21:44:14,3566.0,3527.0,4008.0,23.3,56,39.63963963963964,6.503261514133245,100.0,16.865671641791046,30.0,24.61873638344227
2026-03-16 21:59:15,3577.0,3527.0,4013.0,23.4,56,44.5945945945946,6.503261514133245,100.0,16.880597014925375,30.0,24.640522875816995
2026-03-16 22:14:17,3579.0,3517.0,4007.0,23.4,56,45.4954954954955,4.5265862818739055,100.0,16.8955223880597,30.0,24.66230936819172
2026-03-16 22:29:17,3511.0,3515.0,4008.0,23.4,56,14.864864864864865,4.131251235422037,100.0,16.91044776119403,30.0,24.68409586056645
2026-03-16 22:44:19,3549.0,3515.0,4011.0,23.4,56,31.98198198198198,4.131251235422037,100.0,16.925373134328357,30.0,24.705882352941178
2026-03-16 22:59:20,3551.0,3515.0,4019.0,23.4,56,32.88288288288289,4.131251235422037,100.0,16.940298507462686,30.0,24.727668845315904
2026-03-16 23:14:22,3550.0,3517.0,4019.0,23.4,56,32.432432432432435,4.5265862818739055,100.0,16.955223880597014,30.0,24.749455337690634
2026-03-16 23:29:23,3562.0,3507.0,4019.0,23.4,56,37.83783783783784,2.5499110496145656,100.0,16.970149253731343,30.0,24.77124183006536
2026-03-16 23:44:24,3532.0,3497.0,4023.0,23.4,56,24.324324324324326,0.5732358173552264,100.0,16.98507462686567,30.0,24.79302832244009
2026-03-16 23:59:25,3531.0,3501.0,4023.0,23.4,56,23.873873873873876,1.3639059102589621,100.0,17.0,30.0,24.814814814814817
2026-03-17 00:14:28,3548.0,3501.0,4021.0,23.4,56,31.53153153153153,1.3639059102589621,100.0,17.01492537313433,30.0,24.836601307189543
2026-03-17 00:29:29,3540.0,3495.0,4027.0,23.3,56,27.927927927927925,0.17790077090335854,100.0,17.029850746268657,30.0,24.858387799564273
2026-03-17 00:44:30,3518.0,3495.0,4026.0,23.3,56,18.01801801801802,0.17790077090335854,100.0,17.044776119402986,30.0,24.880174291939
2026-03-17 00:59:33,3512.0,3500.0,4024.0,23.2,56,15.315315315315313,1.1662383870330282,100.0,17.059701492537314,30.0,24.901960784313726
2026-03-17 01:14:36,3516.0,3499.0,4029.0,23.2,56,17.117117117117118,0.9685708638070942,100.0,17.074626865671643,30.0,24.923747276688456
2026-03-17 01:29:37,3518.0,3517.0,4030.0,23.2,56,18.01801801801802,4.5265862818739055,100.0,17.089552238805968,30.0,24.945533769063182
2026-03-17 01:44:40,3517.0,3503.0,4031.0,23.3,56,17.56756756756757,1.75924095671083,100.0,17.104477611940297,30.0,24.96732026143791
2026-03-17 01:59:41,3516.0,3528.0,4039.0,23.3,56,17.117117117117118,6.700929037359178,100.0,17.119402985074625,30.0,24.98910675381264
2026-03-17 02:14:44,3510.0,3595.0,4031.0,23.3,56,14.414414414414415,19.944653093496754,100.0,17.134328358208954,30.0,25.010893246187365
2026-03-17 02:29:45,3509.0,3665.0,4031.0,23.4,56,13.963963963963963,33.78137971931213,100.0,17.149253731343283,30.0,25.03267973856209
2026-03-17 02:44:47,3514.0,3684.0,4030.0,23.4,56,16.216216216216218,37.537062660604875,100.0,17.16417910447761,30.0,25.05446623093682
2026-03-17 02:59:48,3513.0,3693.0,4031.0,23.4,56,15.765765765765765,39.316070369638275,100.0,17.17910447761194,30.0,25.076252723311548
2026-03-17 03:14:49,3516.0,3720.0,4029.0,23.5,56,17.117117117117118,44.65309349673849,100.0,17.19402985074627,30.0,25.098039215686278
2026-03-17 03:29:50,3511.0,3737.0,4027.0,23.6,56,14.864864864864865,48.01344139157938,100.0,17.208955223880597,30.0,25.119825708061004
2026-03-17 03:44:50,3514.0,3768.0,4027.0,23.6,56,16.216216216216218,54.14113461158333,100.0,17.223880597014926,30.0,25.14161220043573
2026-03-17 03:59:51,3519.0,3807.0,4029.0,23.6,56,18.46846846846847,61.85016801739474,100.0,17.238805970149254,30.0,25.16339869281046
2026-03-17 04:14:52,3510.0,3875.0,4029.0,23.6,56,14.414414414414415,75.29155959675826,100.0,17.253731343283583,30.0,25.185185185185187
2026-03-17 04:29:54,3514.0,3863.0,4031.0,23.6,56,16.216216216216218,72.91954931804705,100.0,17.26865671641791,30.0,25.206971677559913
2026-03-17 04:44:57,3508.0,3789.0,4031.0,23.6,56,13.513513513513514,58.29215259932794,100.0,17.283582089552237,30.0,25.228758169934643
2026-03-17 04:59:58,3519.0,3763.0,4047.0,23.7,56,18.46846846846847,53.152796995453656,100.0,17.298507462686565,30.0,25.25054466230937
2026-03-17 05:14:58,3528.0,3773.0,4039.0,23.7,56,22.52252252252252,55.129472227712995,100.0,17.313432835820894,30.0,25.272331154684096
2026-03-17 05:29:59,3539.0,3749.0,4039.0,23.7,56,27.47747747747748,50.38545167029058,100.0,17.328358208955223,30.0,25.294117647058826
2026-03-17 05:45:01,3559.0,3829.0,4027.0,23.7,56,36.486486486486484,66.1988535283653,100.0,17.34328358208955,30.0,25.315904139433552
2026-03-17 06:00:01,3562.0,3709.0,4027.0,23.7,56,37.83783783783784,42.47875074125322,100.0,17.35820895522388,30.0,25.33769063180828
2026-03-17 06:15:02,3555.0,3695.0,4023.0,23.7,56,34.68468468468468,39.711405416090145,100.0,17.37313432835821,30.0,25.35947712418301
2026-03-17 06:30:04,3562.0,3686.0,4025.0,23.7,56,37.83783783783784,37.932397707056744,100.0,17.388059701492537,30.0,25.381263616557735
2026-03-17 06:45:06,3557.0,3665.0,4021.0,23.7,56,35.585585585585584,33.78137971931213,100.0,17.402985074626866,30.0,25.40305010893246
2026-03-17 07:00:11,3567.0,3659.0,4019.0,23.7,56,40.090090090090094,32.59537457995653,100.0,17.417910447761194,30.0,25.42483660130719
2026-03-17 07:15:12,3563.0,3653.0,4013.0,23.7,57,38.288288288288285,31.40936944060092,100.0,17.432835820895523,30.0,25.446623093681918
2026-03-17 07:30:17,3565.0,3643.0,4013.0,23.7,57,39.189189189189186,29.43269420834158,100.0,17.44776119402985,30.0,25.468409586056648
2026-03-17 07:45:18,3565.0,3643.0,4020.0,23.7,57,39.189189189189186,29.43269420834158,100.0,17.46268656716418,30.0,25.490196078431374
2026-03-17 08:00:20,3559.0,3647.0,4019.0,23.7,57,36.486486486486484,30.22336430124532,100.0,17.47761194029851,30.0,25.5119825708061
2026-03-17 08:15:24,3551.0,3639.0,4011.0,23.8,57,32.88288288288289,28.64202411543785,100.0,17.492537313432834,30.0,25.53376906318083
2026-03-17 08:30:25,3542.0,3629.0,4015.0,23.8,57,28.82882882882883,26.66534888317851,100.0,17.507462686567163,30.0,25.555555555555557
2026-03-17 08:45:27,3604.0,3625.0,4005.0,23.8,57,56.75675675675676,25.874678790274768,100.0,17.52238805970149,30.0,25.577342047930284
2026-03-17 09:00:30,3560.0,3623.0,4004.0,23.8,57,36.93693693693694,25.479343743822902,100.0,17.53731343283582,30.0,25.599128540305014
2026-03-17 09:15:32,3529.0,3620.0,3999.0,23.8,57,22.972972972972975,24.8863411741451,99.75751697381183,17.55223880597015,30.0,25.62091503267974
2026-03-17 09:30:35,3534.0,3612.0,4003.0,23.8,57,25.225225225225223,23.30500098833763,100.0,17.567164179104477,30.0,25.642701525054466
2026-03-17 09:45:35,3544.0,3613.0,3996.0,23.8,57,29.72972972972973,23.502668511563563,99.03006789524733,17.582089552238806,30.0,25.664488017429196
2026-03-17 10:00:36,3548.0,3613.0,3999.0,23.8,57,31.53153153153153,23.502668511563563,99.75751697381183,17.597014925373134,30.0,25.686274509803923
2026-03-17 10:15:37,3535.0,3619.0,4006.0,23.8,57,25.675675675675674,24.688673650919167,100.0,17.611940298507463,30.0,25.70806100217865
2026-03-17 10:30:38,3539.0,3599.0,4011.0,23.8,57,27.47747747747748,20.73532318640049,100.0,17.62686567164179,30.0,25.72984749455338
2026-03-17 10:45:40,3540.0,3595.0,4005.0,23.8,57,27.927927927927925,19.944653093496754,100.0,17.64179104477612,30.0,25.751633986928105
2026-03-17 11:00:40,3531.0,3592.0,3993.0,23.7,57,23.873873873873876,19.35165052381895,98.30261881668282,17.65671641791045,30.0,25.773420479302835
2026-03-17 11:15:41,3515.0,3593.0,3988.0,23.7,57,16.666666666666664,19.549318047044885,97.090203685742,17.671641791044777,30.0,25.795206971677562
2026-03-17 11:30:44,3516.0,3575.0,3982.0,23.7,57,17.117117117117118,15.991302628978074,95.635305528613,17.686567164179102,30.0,25.81699346405229
2026-03-17 11:45:45,3514.0,3577.0,3979.0,23.7,57,16.216216216216218,16.38663767542994,94.9078564500485,17.70149253731343,30.0,25.838779956427018
2026-03-17 12:00:45,3515.0,3589.0,3975.0,23.8,57,16.666666666666664,18.75864795414115,93.93792434529583,17.71641791044776,30.0,25.860566448801745
2026-03-17 12:15:48,3516.0,3572.0,3987.0,23.8,57,17.117117117117118,15.39830005930027,96.84772065955383,17.73134328358209,30.0,25.88235294117647
2026-03-17 12:30:49,3518.0,3580.0,3993.0,23.8,56,18.01801801801802,16.979640245107745,98.30261881668282,17.746268656716417,30.0,25.9041394335512
2026-03-17 12:45:50,3530.0,3581.0,3997.0,23.8,56,23.423423423423422,17.177307768333677,99.2725509214355,17.761194029850746,30.0,25.925925925925927
2026-03-17 13:00:52,3528.0,3577.0,3992.0,23.8,56,22.52252252252252,16.38663767542994,98.06013579049466,17.776119402985074,30.0,25.947712418300654
2026-03-17 13:15:52,3538.0,3580.0,3987.0,23.9,56,27.027027027027028,16.979640245107745,96.84772065955383,17.791044776119403,30.0,25.969498910675384
2026-03-17 13:30:54,3534.0,3851.0,3989.0,23.9,56,25.225225225225223,70.54753903933585,97.33268671193017,17.80597014925373,30.0,25.99128540305011
2026-03-17 13:45:54,3546.0,4024.0,3992.0,24.0,56,30.630630630630627,100.0,98.06013579049466,17.82089552238806,30.0,26.013071895424837
2026-03-17 14:00:55,3640.0,3993.0,3995.0,24.0,56,72.97297297297297,98.61632733741847,98.78758486905916,17.83582089552239,30.0,26.034858387799567
2026-03-17 14:15:56,3610.0,3604.0,3995.0,24.0,56,59.45945945945946,21.72366080253016,98.78758486905916,17.850746268656717,30.0,26.056644880174293
2026-03-17 14:30:57,3565.0,3795.0,3992.0,24.0,56,39.189189189189186,59.47815773868355,98.06013579049466,17.865671641791046,30.0,26.07843137254902
2026-03-17 14:45:58,3571.0,3613.0,3993.0,24.1,56,41.891891891891895,23.502668511563563,98.30261881668282,17.880597014925375,30.0,26.10021786492375
2026-03-17 15:01:02,3563.0,3611.0,3991.0,24.1,56,38.288288288288285,23.107333465111697,97.8176527643065,17.8955223880597,30.0,26.122004357298476
2026-03-17 15:16:04,3559.0,3610.0,3991.0,24.1,57,36.486486486486484,22.909665941885763,97.8176527643065,17.91044776119403,30.0,26.143790849673206
2026-03-17 15:31:07,3564.0,3918.0,3991.0,24.2,57,38.73873873873874,83.79126309547341,97.8176527643065,17.925373134328357,30.0,26.165577342047932
2026-03-17 15:46:10,3559.0,3603.0,3989.0,24.2,57,36.486486486486484,21.525993279304227,97.33268671193017,17.940298507462686,30.0,26.18736383442266
2026-03-17 16:01:13,3562.0,3567.0,3981.0,24.2,57,37.83783783783784,14.4099624431706,95.39282250242483,17.955223880597014,30.0,26.20915032679739
2026-03-17 16:16:16,3559.0,3609.0,3977.0,24.3,57,36.486486486486484,22.711998418659828,94.42289039767216,17.970149253731343,30.0,26.230936819172115
2026-03-17 16:31:18,3560.0,3539.0,3977.0,24.3,57,36.93693693693694,8.875271792844453,94.42289039767216,17.98507462686567,30.0,26.25272331154684
2026-03-17 16:46:19,3559.0,3500.0,3977.0,24.4,57,36.486486486486484,1.1662383870330282,94.42289039767216,18.0,30.0,26.27450980392157
2026-03-17 17:01:21,3555.0,3447.0,3979.0,24.5,57,34.68468468468468,0.0,94.9078564500485,18.01492537313433,30.0,26.296296296296298
2026-03-17 17:16:25,3566.0,3352.0,3991.0,24.6,57,39.63963963963964,0.0,97.8176527643065,18.029850746268657,30.0,26.318082788671024
2026-03-17 17:31:28,3563.0,3324.0,4015.0,24.6,57,38.288288288288285,0.0,100.0,18.044776119402986,30.0,26.339869281045754
2026-03-17 17:46:31,3588.0,3311.0,4019.0,24.7,56,49.549549549549546,0.0,100.0,18.059701492537314,30.0,26.36165577342048
2026-03-17 18:01:36,3601.0,3315.0,4025.0,24.7,56,55.4054054054054,0.0,100.0,18.074626865671643,30.0,26.383442265795207
2026-03-17 18:16:39,3576.0,3311.0,4036.0,24.8,56,44.14414414414414,0.0,100.0,18.089552238805968,30.0,26.405228758169937
2026-03-17 18:31:40,3576.0,3322.0,4031.0,24.8,56,44.14414414414414,0.0,100.0,18.104477611940297,30.0,26.427015250544663
2026-03-17 18:46:44,3571.0,3381.0,4029.0,24.8,56,41.891891891891895,0.0,100.0,18.119402985074625,30.0,26.448801742919393
2026-03-17 19:01:46,3590.0,3491.0,4023.0,24.8,56,50.45045045045045,0.0,100.0,18.134328358208954,30.0,26.47058823529412
2026-03-17 19:16:48,3658.0,3629.0,4024.0,24.8,56,81.08108108108108,26.66534888317851,100.0,18.149253731343283,30.0,26.492374727668846
2026-03-17 19:31:50,3572.0,3691.0,4020.0,24.7,56,42.34234234234234,38.92073532318641,100.0,18.16417910447761,30.0,26.514161220043576
2026-03-17 19:46:51,3572.0,3740.0,4020.0,24.7,56,42.34234234234234,48.60644396125717,100.0,18.17910447761194,30.0,26.535947712418302
2026-03-17 20:01:53,3579.0,3775.0,4014.0,24.7,56,45.4954954954955,55.524807274164864,100.0,18.19402985074627,30.0,26.55773420479303
2026-03-17 20:16:55,3589.0,3529.0,4021.0,24.8,56,50.0,6.898596560585113,100.0,18.208955223880597,30.0,26.57952069716776
2026-03-17 20:31:59,3576.0,3327.0,4013.0,24.8,56,44.14414414414414,0.0,100.0,18.223880597014926,30.0,26.601307189542485
2026-03-17 20:47:00,3572.0,3341.0,4021.0,24.8,56,42.34234234234234,0.0,100.0,18.238805970149254,30.0,26.62309368191721
2026-03-17 21:02:03,3575.0,3339.0,4009.0,24.9,56,43.69369369369369,0.0,100.0,18.253731343283583,30.0,26.64488017429194
2026-03-17 21:17:06,3563.0,3339.0,4009.0,24.9,56,38.288288288288285,0.0,100.0,18.26865671641791,30.0,26.666666666666668
2026-03-17 21:32:07,3564.0,3324.0,4009.0,24.9,56,38.73873873873874,0.0,100.0,18.283582089552237,30.0,26.688453159041394
2026-03-17 21:47:09,3560.0,3318.0,4007.0,24.9,56,36.93693693693694,0.0,100.0,18.298507462686565,30.0,26.710239651416124
2026-03-17 22:02:11,3558.0,3319.0,4009.0,24.9,56,36.03603603603604,0.0,100.0,18.313432835820894,30.0,26.73202614379085
2026-03-17 22:17:11,3539.0,3340.0,4007.0,24.9,56,27.47747747747748,0.0,100.0,18.328358208955223,30.0,26.75381263616558
2026-03-17 22:32:12,3543.0,3673.0,4012.0,24.9,56,29.27927927927928,35.3627199051196,100.0,18.34328358208955,30.0,26.775599128540307
2026-03-17 22:47:13,3556.0,4095.0,4019.0,25.0,56,35.13513513513514,100.0,100.0,18.35820895522388,30.0,26.797385620915033
2026-03-17 23:02:13,3558.0,3987.0,4025.0,25.1,56,36.03603603603604,97.43032219806285,100.0,18.37313432835821,30.0,26.819172113289763
2026-03-17 23:17:14,3561.0,3545.0,4021.0,25.1,56,37.38738738738739,10.061276932200055,100.0,18.388059701492537,30.0,26.84095860566449
2026-03-17 23:32:15,3575.0,3317.0,4015.0,25.1,56,43.69369369369369,0.0,100.0,18.402985074626866,30.0,26.862745098039216
2026-03-17 23:47:16,3577.0,3311.0,4011.0,25.2,57,44.5945945945946,0.0,100.0,18.417910447761194,30.0,26.884531590413946
2026-03-18 00:02:17,3563.0,3309.0,4009.0,25.2,57,38.288288288288285,0.0,100.0,18.432835820895523,30.0,26.906318082788673
2026-03-18 00:17:17,3571.0,3315.0,4013.0,25.2,57,41.891891891891895,0.0,100.0,18.44776119402985,30.0,26.9281045751634
2026-03-18 00:32:18,3619.0,3311.0,4015.0,25.3,57,63.51351351351351,0.0,100.0,18.46268656716418,30.0,26.94989106753813
2026-03-18 00:47:19,3624.0,3315.0,4024.0,25.3,57,65.76576576576578,0.0,100.0,18.47761194029851,30.0,26.971677559912855
2026-03-18 01:02:21,3562.0,3316.0,4023.0,25.3,57,37.83783783783784,0.0,100.0,18.492537313432834,30.0,26.99346405228758
2026-03-18 01:17:22,3546.0,3299.0,4015.0,25.3,58,30.630630630630627,0.0,100.0,18.507462686567163,30.0,27.01525054466231
2026-03-18 01:32:26,3534.0,3315.0,4019.0,25.3,58,25.225225225225223,0.0,100.0,18.52238805970149,30.0,27.037037037037038
2026-03-18 01:47:27,3527.0,3307.0,4007.0,25.3,58,22.07207207207207,0.0,100.0,18.53731343283582,30.0,27.058823529411764
2026-03-18 02:02:29,3536.0,3307.0,4005.0,25.3,58,26.126126126126124,0.0,100.0,18.55223880597015,30.0,27.080610021786494
2026-03-18 02:17:29,3534.0,3308.0,4007.0,25.4,58,25.225225225225223,0.0,100.0,18.567164179104477,30.0,27.10239651416122
2026-03-18 02:32:30,3533.0,3317.0,4004.0,25.4,58,24.774774774774773,0.0,100.0,18.582089552238806,30.0,27.12418300653595
2026-03-18 02:47:31,3519.0,3317.0,4005.0,25.4,58,18.46846846846847,0.0,100.0,18.597014925373134,30.0,27.145969498910677
2026-03-18 03:02:32,3536.0,3309.0,3997.0,25.4,58,26.126126126126124,0.0,99.2725509214355,18.611940298507463,30.0,27.167755991285404
2026-03-18 03:17:33,3539.0,3310.0,3999.0,25.4,58,27.47747747747748,0.0,99.75751697381183,18.62686567164179,30.0,27.189542483660134
2026-03-18 03:32:34,3534.0,3307.0,3991.0,25.4,58,25.225225225225223,0.0,97.8176527643065,18.64179104477612,30.0,27.21132897603486
2026-03-18 03:47:35,3535.0,3308.0,3987.0,25.4,58,25.675675675675674,0.0,96.84772065955383,18.65671641791045,30.0,27.233115468409586
2026-03-18 04:02:36,3534.0,3304.0,3991.0,25.4,58,25.225225225225223,0.0,97.8176527643065,18.671641791044777,30.0,27.254901960784316
2026-03-18 04:17:37,3541.0,3301.0,3995.0,25.4,58,28.37837837837838,0.0,98.78758486905916,18.686567164179102,30.0,27.276688453159043
2026-03-18 04:32:37,3544.0,3301.0,3991.0,25.4,58,29.72972972972973,0.0,97.8176527643065,18.70149253731343,30.0,27.29847494553377
2026-03-18 04:47:39,3519.0,3299.0,3963.0,25.3,58,18.46846846846847,0.0,91.02812803103782,18.71641791044776,30.0,27.3202614379085
2026-03-18 05:02:40,3512.0,3288.0,3974.0,25.3,58,15.315315315315313,0.0,93.69544131910766,18.73134328358209,30.0,27.342047930283226
2026-03-18 05:17:40,3512.0,3288.0,3975.0,25.3,58,15.315315315315313,0.0,93.93792434529583,18.746268656716417,30.0,27.363834422657952
2026-03-18 05:32:41,3512.0,3311.0,3979.0,25.3,58,15.315315315315313,0.0,94.9078564500485,18.761194029850746,30.0,27.385620915032682
2026-03-18 05:47:44,3519.0,3596.0,3973.0,25.3,58,18.46846846846847,20.142320616722685,93.45295829291949,18.776119402985074,30.0,27.40740740740741
2026-03-18 06:02:44,3539.0,3727.0,3975.0,25.3,58,27.47747747747748,46.03676615932004,93.93792434529583,18.791044776119403,30.0,27.42919389978214
2026-03-18 06:17:47,3539.0,3526.0,3965.0,25.3,58,27.47747747747748,6.305593990907312,91.51309408341416,18.80597014925373,30.0,27.450980392156865
2026-03-18 06:32:49,3535.0,3301.0,3955.0,25.2,58,25.675675675675674,0.0,89.0882638215325,18.82089552238806,30.0,27.47276688453159
2026-03-18 06:47:50,3532.0,3295.0,3961.0,25.2,58,24.324324324324326,0.0,90.54316197866149,18.83582089552239,30.0,27.49455337690632
2026-03-18 07:02:51,3533.0,3290.0,3949.0,25.1,58,24.774774774774773,0.0,87.6333656644035,18.850746268656717,30.0,27.516339869281047
2026-03-18 07:17:54,3533.0,3285.0,3948.0,25.1,58,24.774774774774773,0.0,87.39088263821533,18.865671641791046,30.0,27.538126361655774
2026-03-18 07:32:54,3529.0,3286.0,3949.0,25.1,58,22.972972972972975,0.0,87.6333656644035,18.88059701492537,30.0,27.559912854030504
2026-03-18 07:47:55,3529.0,3289.0,3991.0,25.1,58,22.972972972972975,0.0,97.8176527643065,18.8955223880597,30.0,27.58169934640523
2026-03-18 08:02:58,3534.0,3294.0,3949.0,25.1,58,25.225225225225223,0.0,87.6333656644035,18.91044776119403,30.0,27.603485838779957
2026-03-18 08:17:58,3535.0,3302.0,3949.0,25.1,58,25.675675675675674,0.0,87.6333656644035,18.925373134328357,30.0,27.625272331154687
2026-03-18 08:32:59,3533.0,3295.0,3947.0,25.1,58,24.774774774774773,0.0,87.14839961202716,18.940298507462686,30.0,27.647058823529413
2026-03-18 08:48:00,3533.0,3299.0,3945.0,25.1,58,24.774774774774773,0.0,86.66343355965083,18.955223880597014,30.0,27.66884531590414
2026-03-18 09:03:01,3532.0,3307.0,3947.0,25.1,58,24.324324324324326,0.0,87.14839961202716,18.970149253731343,30.0,27.69063180827887
2026-03-18 09:18:01,3519.0,3307.0,3947.0,25.1,58,18.46846846846847,0.0,87.14839961202716,18.98507462686567,30.0,27.712418300653596
2026-03-18 09:33:02,3530.0,3295.0,3947.0,25.1,58,23.423423423423422,0.0,87.14839961202716,19.0,30.0,27.734204793028326
2026-03-18 09:48:04,3519.0,3289.0,3945.0,25.1,58,18.46846846846847,0.0,86.66343355965083,19.01492537313433,30.0,27.755991285403052
2026-03-18 10:03:06,3525.0,3285.0,3948.0,25.1,58,21.17117117117117,0.0,87.39088263821533,19.029850746268657,30.0,27.77777777777778
2026-03-18 10:18:07,3525.0,3291.0,3939.0,25.1,58,21.17117117117117,0.0,85.20853540252182,19.044776119402986,30.0,27.79956427015251
2026-03-18 10:33:08,3519.0,3291.0,3945.0,25.1,58,18.46846846846847,0.0,86.66343355965083,19.059701492537314,30.0,27.821350762527235
2026-03-18 10:48:09,3519.0,3299.0,3943.0,25.1,58,18.46846846846847,0.0,86.17846750727449,19.074626865671643,30.0,27.84313725490196
2026-03-18 11:03:11,3529.0,3293.0,3943.0,25.1,58,22.972972972972975,0.0,86.17846750727449,19.089552238805968,30.0,27.86492374727669
2026-03-18 11:18:12,3530.0,3301.0,3941.0,25.1,58,23.423423423423422,0.0,85.69350145489815,19.104477611940297,30.0,27.886710239651418
2026-03-18 11:33:13,3533.0,3299.0,3944.0,25.1,58,24.774774774774773,0.0,86.42095053346266,19.119402985074625,30.0,27.908496732026144
2026-03-18 11:48:13,3528.0,3305.0,3944.0,25.1,58,22.52252252252252,0.0,86.42095053346266,19.134328358208954,30.0,27.930283224400874
2026-03-18 12:03:14,3530.0,3309.0,3952.0,25.2,58,23.423423423423422,0.0,88.360814742968,19.149253731343283,30.0,27.9520697167756
2026-03-18 12:18:14,3530.0,3311.0,3959.0,25.2,58,23.423423423423422,0.0,90.05819592628517,19.16417910447761,30.0,27.973856209150327
2026-03-18 12:33:17,3519.0,3311.0,3960.0,25.3,58,18.46846846846847,0.0,90.30067895247333,19.17910447761194,30.0,27.995642701525057
2026-03-18 12:48:19,3531.0,3320.0,3957.0,25.3,58,23.873873873873876,0.0,89.57322987390883,19.19402985074627,30.0,28.017429193899783
2026-03-18 13:03:20,3537.0,3320.0,3961.0,25.3,59,26.576576576576578,0.0,90.54316197866149,19.208955223880597,30.0,28.03921568627451
2026-03-18 13:18:20,3534.0,3325.0,3965.0,25.3,59,25.225225225225223,0.0,91.51309408341416,19.223880597014926,30.0,28.06100217864924
2026-03-18 13:33:21,3540.0,3285.0,3974.0,25.4,59,27.927927927927925,0.0,93.69544131910766,19.238805970149254,30.0,28.082788671023966
2026-03-18 13:48:22,3531.0,3321.0,3967.0,25.4,59,23.873873873873876,0.0,91.9980601357905,19.253731343283583,30.0,28.104575163398696
2026-03-18 14:03:24,3576.0,3324.0,3967.0,25.5,59,44.14414414414414,0.0,91.9980601357905,19.26865671641791,30.0,28.126361655773422
2026-03-18 14:18:25,3605.0,3359.0,3976.0,25.6,59,57.20720720720721,0.0,94.180407371484,19.283582089552237,30.0,28.14814814814815
2026-03-18 14:33:26,3595.0,3339.0,3981.0,25.6,59,52.702702702702695,0.0,95.39282250242483,19.298507462686565,30.0,28.16993464052288
2026-03-18 14:48:28,3543.0,3337.0,3975.0,25.6,59,29.27927927927928,0.0,93.93792434529583,19.313432835820894,30.0,28.191721132897605
2026-03-18 15:03:28,3539.0,3336.0,3977.0,25.6,58,27.47747747747748,0.0,94.42289039767216,19.328358208955223,30.0,28.21350762527233
2026-03-18 15:18:30,3538.0,3324.0,3979.0,25.6,58,27.027027027027028,0.0,94.9078564500485,19.34328358208955,30.0,28.23529411764706
2026-03-18 15:33:30,3544.0,3324.0,3979.0,25.7,58,29.72972972972973,0.0,94.9078564500485,19.35820895522388,30.0,28.257080610021788
2026-03-18 15:48:31,3539.0,3323.0,3975.0,25.7,58,27.47747747747748,0.0,93.93792434529583,19.37313432835821,30.0,28.278867102396514
2026-03-18 16:03:32,3544.0,3321.0,3968.0,25.7,58,29.72972972972973,0.0,92.24054316197866,19.388059701492537,30.0,28.300653594771244
2026-03-18 16:18:33,3554.0,3321.0,3973.0,25.8,58,34.234234234234236,0.0,93.45295829291949,19.402985074626866,30.0,28.32244008714597
2026-03-18 16:33:34,3548.0,3319.0,3963.0,25.8,58,31.53153153153153,0.0,91.02812803103782,19.417910447761194,30.0,28.344226579520697
2026-03-18 16:48:35,3533.0,3321.0,3963.0,25.9,58,24.774774774774773,0.0,91.02812803103782,19.432835820895523,30.0,28.366013071895427
2026-03-18 17:03:36,3539.0,3315.0,3976.0,26.0,58,27.47747747747748,0.0,94.180407371484,19.44776119402985,30.0,28.387799564270153
2026-03-18 17:18:37,3528.0,3319.0,3986.0,26.1,58,22.52252252252252,0.0,96.60523763336568,19.46268656716418,30.0,28.409586056644883
2026-03-18 17:33:40,3543.0,3311.0,3987.0,26.2,58,29.27927927927928,0.0,96.84772065955383,19.47761194029851,30.0,28.43137254901961
2026-03-18 17:48:40,3541.0,3316.0,3979.0,26.3,58,28.37837837837838,0.0,94.9078564500485,19.492537313432834,30.0,28.453159041394336
2026-03-18 18:03:41,3538.0,3320.0,3986.0,26.3,58,27.027027027027028,0.0,96.60523763336568,19.507462686567163,30.0,28.474945533769066
2026-03-18 18:18:42,3544.0,3319.0,3986.0,26.3,57,29.72972972972973,0.0,96.60523763336568,19.52238805970149,30.0,28.496732026143793
2026-03-18 18:33:42,3555.0,3319.0,3991.0,26.3,57,34.68468468468468,0.0,97.8176527643065,19.53731343283582,30.0,28.51851851851852
2026-03-18 18:48:45,3551.0,3320.0,3993.0,26.3,57,32.88288288288289,0.0,98.30261881668282,19.55223880597015,30.0,28.54030501089325
2026-03-18 19:03:45,3563.0,3321.0,3989.0,26.3,57,38.288288288288285,0.0,97.33268671193017,19.567164179104477,30.0,28.562091503267975
2026-03-18 19:18:48,3560.0,3327.0,3991.0,26.4,57,36.93693693693694,0.0,97.8176527643065,19.582089552238806,30.0,28.583877995642702
2026-03-18 19:33:48,3551.0,3321.0,3996.0,26.4,57,32.88288288288289,0.0,99.03006789524733,19.597014925373134,30.0,28.605664488017432
2026-03-18 19:48:49,3556.0,3323.0,3997.0,26.4,57,35.13513513513514,0.0,99.2725509214355,19.611940298507463,30.0,28.627450980392158
2026-03-18 20:03:50,3550.0,3323.0,4005.0,26.4,57,32.432432432432435,0.0,100.0,19.62686567164179,30.0,28.649237472766885
2026-03-18 20:18:50,3549.0,3321.0,4013.0,26.4,57,31.98198198198198,0.0,100.0,19.64179104477612,30.0,28.671023965141615
2026-03-18 20:33:52,3548.0,3320.0,4011.0,26.4,57,31.53153153153153,0.0,100.0,19.65671641791045,30.0,28.69281045751634
2026-03-18 20:48:53,3546.0,3325.0,4015.0,26.4,57,30.630630630630627,0.0,100.0,19.671641791044777,30.0,28.71459694989107
2026-03-18 21:03:53,3550.0,3325.0,4013.0,26.4,57,32.432432432432435,0.0,100.0,19.686567164179102,30.0,28.736383442265797
2026-03-18 21:18:58,3541.0,3321.0,4021.0,26.4,57,28.37837837837838,0.0,100.0,19.70149253731343,30.0,28.758169934640524
2026-03-18 21:33:59,3547.0,3317.0,4012.0,26.4,57,31.08108108108108,0.0,100.0,19.71641791044776,30.0,28.779956427015254
2026-03-18 21:49:00,3556.0,3321.0,4009.0,26.4,57,35.13513513513514,0.0,100.0,19.73134328358209,30.0,28.80174291938998
2026-03-18 22:04:01,3549.0,3319.0,4011.0,26.4,57,31.98198198198198,0.0,100.0,19.746268656716417,30.0,28.823529411764707
2026-03-18 22:19:02,3560.0,3325.0,4008.0,26.4,57,36.93693693693694,0.0,100.0,19.761194029850746,30.0,28.845315904139436
2026-03-18 22:34:04,3565.0,3323.0,4012.0,26.4,56,39.189189189189186,0.0,100.0,19.776119402985074,30.0,28.867102396514163
2026-03-18 22:49:05,3559.0,3317.0,4016.0,26.4,56,36.486486486486484,0.0,100.0,19.791044776119403,30.0,28.88888888888889
2026-03-18 23:04:07,3558.0,3311.0,4011.0,26.4,56,36.03603603603604,0.0,100.0,19.80597014925373,30.0,28.91067538126362
2026-03-18 23:19:09,3556.0,3321.0,4007.0,26.4,56,35.13513513513514,0.0,100.0,19.82089552238806,30.0,28.932461873638346
2026-03-18 23:34:10,3556.0,3311.0,4004.0,26.4,56,35.13513513513514,0.0,100.0,19.83582089552239,30.0,28.954248366013072
2026-03-18 23:49:11,3560.0,3323.0,4008.0,26.4,56,36.93693693693694,0.0,100.0,19.850746268656717,30.0,28.976034858387802
2026-03-19 00:04:12,3555.0,3323.0,4007.0,26.3,56,34.68468468468468,0.0,100.0,19.865671641791046,30.0,28.99782135076253
2026-03-19 00:19:13,3551.0,3322.0,4005.0,26.3,56,32.88288288288289,0.0,100.0,19.88059701492537,30.0,29.019607843137255
2026-03-19 00:34:14,3560.0,3341.0,4004.0,26.3,56,36.93693693693694,0.0,100.0,19.8955223880597,30.0,29.041394335511985
2026-03-19 00:49:15,3606.0,3325.0,4009.0,26.3,56,57.65765765765766,0.0,100.0,19.91044776119403,30.0,29.06318082788671
2026-03-19 01:04:16,3571.0,3328.0,4007.0,26.4,56,41.891891891891895,0.0,100.0,19.925373134328357,30.0,29.08496732026144
2026-03-19 01:19:18,3558.0,3323.0,4007.0,26.4,56,36.03603603603604,0.0,100.0,19.940298507462686,30.0,29.106753812636168
2026-03-19 01:34:19,3554.0,3320.0,4013.0,26.4,56,34.234234234234236,0.0,100.0,19.955223880597014,30.0,29.128540305010894
2026-03-19 01:49:19,3562.0,3319.0,4009.0,26.4,56,37.83783783783784,0.0,100.0,19.970149253731343,30.0,29.150326797385624
2026-03-19 02:04:20,3562.0,3311.0,4007.0,26.4,56,37.83783783783784,0.0,100.0,19.98507462686567,30.0,29.17211328976035
2026-03-19 02:19:21,3571.0,3321.0,3999.0,26.4,56,41.891891891891895,0.0,99.75751697381183,20.0,30.0,29.193899782135077
2026-03-19 02:34:22,3637.0,3321.0,4000.0,26.5,56,71.62162162162163,0.0,100.0,20.01492537313433,30.0,29.215686274509807
2026-03-19 02:49:23,3656.0,3321.0,4007.0,26.5,56,80.18018018018019,0.0,100.0,20.029850746268657,30.0,29.237472766884533
2026-03-19 03:04:24,3580.0,3321.0,4004.0,26.5,57,45.94594594594595,0.0,100.0,20.044776119402986,30.0,29.25925925925926
2026-03-19 03:19:26,3629.0,3324.0,3998.0,26.5,57,68.01801801801803,0.0,99.51503394762366,20.059701492537314,30.0,29.28104575163399
2026-03-19 03:34:27,3625.0,3324.0,4004.0,26.5,57,66.21621621621621,0.0,100.0,20.074626865671643,30.0,29.302832244008716
2026-03-19 03:49:27,3602.0,3320.0,3995.0,26.5,57,55.85585585585585,0.0,98.78758486905916,20.089552238805968,30.0,29.324618736383442
2026-03-19 04:04:28,3563.0,3326.0,3997.0,26.5,57,38.288288288288285,0.0,99.2725509214355,20.104477611940297,30.0,29.346405228758172
2026-03-19 04:19:29,3559.0,3321.0,3997.0,26.5,57,36.486486486486484,0.0,99.2725509214355,20.119402985074625,30.0,29.3681917211329
2026-03-19 04:34:32,3559.0,3320.0,3996.0,26.4,57,36.486486486486484,0.0,99.03006789524733,20.134328358208954,30.0,29.38997821350763
2026-03-19 04:49:33,3567.0,3335.0,3998.0,26.4,57,40.090090090090094,0.0,99.51503394762366,20.149253731343283,30.0,29.411764705882355
2026-03-19 05:04:33,3567.0,3323.0,4005.0,26.3,57,40.090090090090094,0.0,100.0,20.16417910447761,30.0,29.43355119825708
2026-03-19 05:19:35,3574.0,3321.0,4003.0,26.3,57,43.24324324324324,0.0,100.0,20.17910447761194,30.0,29.45533769063181
2026-03-19 05:34:36,3576.0,3325.0,4005.0,26.3,57,44.14414414414414,0.0,100.0,20.19402985074627,30.0,29.477124183006538
2026-03-19 05:49:37,3563.0,3327.0,4007.0,26.3,57,38.288288288288285,0.0,100.0,20.208955223880597,30.0,29.498910675381264
2026-03-19 06:04:38,3564.0,3321.0,4011.0,26.3,57,38.73873873873874,0.0,100.0,20.223880597014926,30.0,29.520697167755994
2026-03-19 06:19:39,3575.0,3325.0,4007.0,26.3,57,43.69369369369369,0.0,100.0,20.238805970149254,30.0,29.54248366013072
2026-03-19 06:34:40,3568.0,3321.0,4005.0,26.3,57,40.54054054054054,0.0,100.0,20.253731343283583,30.0,29.564270152505447
2026-03-19 06:49:41,3574.0,3321.0,3997.0,26.2,57,43.24324324324324,0.0,99.2725509214355,20.26865671641791,30.0,29.586056644880177
2026-03-19 07:04:41,3579.0,3334.0,3997.0,26.2,57,45.4954954954955,0.0,99.2725509214355,20.283582089552237,30.0,29.607843137254903
2026-03-19 07:19:42,3619.0,3323.0,3991.0,26.2,57,63.51351351351351,0.0,97.8176527643065,20.298507462686565,30.0,29.62962962962963
2026-03-19 07:34:44,3601.0,3321.0,3985.0,26.1,57,55.4054054054054,0.0,96.36275460717751,20.313432835820894,30.0,29.65141612200436
2026-03-19 07:49:45,3578.0,3323.0,3982.0,26.1,57,45.04504504504504,0.0,95.635305528613,20.328358208955223,30.0,29.673202614379086
2026-03-19 08:04:45,3577.0,3327.0,3981.0,26.1,57,44.5945945945946,0.0,95.39282250242483,20.34328358208955,30.0,29.694989106753816
2026-03-19 08:19:49,3576.0,3337.0,3987.0,26.1,57,44.14414414414414,0.0,96.84772065955383,20.35820895522388,30.0,29.716775599128542
2026-03-19 08:34:50,3597.0,3327.0,3981.0,26.0,57,53.6036036036036,0.0,95.39282250242483,20.37313432835821,30.0,29.73856209150327
2026-03-19 08:49:51,3640.0,3335.0,3965.0,26.0,57,72.97297297297297,0.0,91.51309408341416,20.388059701492537,30.0,29.760348583878
2026-03-19 09:04:51,3660.0,3337.0,3975.0,26.0,57,81.98198198198197,0.0,93.93792434529583,20.402985074626866,30.0,29.782135076252725
2026-03-19 09:19:52,3661.0,3337.0,3968.0,26.0,57,82.43243243243244,0.0,92.24054316197866,20.417910447761194,30.0,29.80392156862745
2026-03-19 09:34:53,3658.0,3337.0,3975.0,26.0,57,81.08108108108108,0.0,93.93792434529583,20.432835820895523,30.0,29.82570806100218
2026-03-19 09:49:58,3601.0,3239.0,3989.0,26.0,57,55.4054054054054,0.0,97.33268671193017,20.44776119402985,30.0,29.847494553376908
2026-03-19 10:04:59,3604.0,3347.0,3993.0,25.9,57,56.75675675675676,0.0,98.30261881668282,20.46268656716418,30.0,29.869281045751634
2026-03-19 10:20:00,3672.0,3368.0,3993.0,25.9,57,87.38738738738738,0.0,98.30261881668282,20.47761194029851,30.0,29.891067538126364
2026-03-19 10:35:00,3685.0,3401.0,4005.0,25.9,57,93.24324324324324,0.0,100.0,20.492537313432834,30.0,29.91285403050109
2026-03-19 10:50:01,3597.0,3415.0,4004.0,25.9,57,53.6036036036036,0.0,100.0,20.507462686567163,30.0,29.934640522875817
2026-03-19 11:05:02,3571.0,3423.0,3999.0,25.8,57,41.891891891891895,0.0,99.75751697381183,20.52238805970149,30.0,29.956427015250547
2026-03-19 11:20:03,3558.0,3439.0,3996.0,25.8,57,36.03603603603604,0.0,99.03006789524733,20.53731343283582,30.0,29.978213507625274
2026-03-19 11:35:04,3556.0,3431.0,3989.0,25.8,57,35.13513513513514,0.0,97.33268671193017,20.55223880597015,30.0,30.0
2026-03-19 11:50:06,3559.0,3419.0,3988.0,25.8,57,36.486486486486484,0.0,97.090203685742,20.567164179104477,30.0,30.0
2026-03-19 12:05:07,3555.0,3410.0,3989.0,25.8,57,34.68468468468468,0.0,97.33268671193017,20.582089552238806,30.0,30.0
2026-03-19 12:20:08,3546.0,3397.0,3997.0,25.8,57,30.630630630630627,0.0,99.2725509214355,20.597014925373134,30.0,30.0
2026-03-19 12:35:10,3543.0,3387.0,3995.0,25.8,57,29.27927927927928,0.0,98.78758486905916,20.611940298507463,30.0,30.0
2026-03-19 12:50:13,3541.0,3359.0,3995.0,25.8,57,28.37837837837838,0.0,98.78758486905916,20.62686567164179,30.0,30.0
2026-03-19 13:05:16,3557.0,3359.0,3996.0,25.8,57,35.585585585585584,0.0,99.03006789524733,20.64179104477612,30.0,30.0
2026-03-19 13:20:18,3548.0,3380.0,3995.0,25.8,57,31.53153153153153,0.0,98.78758486905916,20.65671641791045,30.0,30.0
2026-03-19 13:35:21,3561.0,3384.0,4003.0,25.8,57,37.38738738738739,0.0,100.0,20.671641791044777,30.0,30.0
2026-03-19 13:50:22,3567.0,3369.0,3996.0,25.8,57,40.090090090090094,0.0,99.03006789524733,20.686567164179102,30.0,30.0
2026-03-19 14:05:26,3571.0,3348.0,4003.0,25.8,57,41.891891891891895,0.0,100.0,20.70149253731343,30.0,30.0
2026-03-19 14:20:27,3560.0,3334.0,3995.0,25.8,56,36.93693693693694,0.0,98.78758486905916,20.71641791044776,30.0,30.0
2026-03-19 14:35:30,3567.0,3419.0,3991.0,25.8,56,40.090090090090094,0.0,97.8176527643065,20.73134328358209,30.0,30.0
2026-03-19 14:50:31,3567.0,3421.0,3993.0,25.8,56,40.090090090090094,0.0,98.30261881668282,20.746268656716417,30.0,30.0
2026-03-19 15:05:32,3560.0,3421.0,3992.0,25.8,56,36.93693693693694,0.0,98.06013579049466,20.761194029850746,30.0,30.0
2026-03-19 15:20:34,3560.0,3453.0,3990.0,25.9,56,36.93693693693694,0.0,97.57516973811833,20.776119402985074,30.0,30.0
2026-03-19 15:35:35,3567.0,3419.0,3988.0,25.9,56,40.090090090090094,0.0,97.090203685742,20.791044776119403,30.0,30.0
2026-03-19 15:50:36,3565.0,3343.0,3989.0,25.9,56,39.189189189189186,0.0,97.33268671193017,20.80597014925373,30.0,30.0
2026-03-19 16:05:37,3572.0,3339.0,3987.0,25.9,56,42.34234234234234,0.0,96.84772065955383,20.82089552238806,30.0,30.0
2026-03-19 16:20:40,3639.0,3355.0,3987.0,26.0,56,72.52252252252252,0.0,96.84772065955383,20.83582089552239,30.0,30.0
2026-03-19 16:35:43,3577.0,3339.0,3992.0,26.0,56,44.5945945945946,0.0,98.06013579049466,20.850746268656717,30.0,30.0
2026-03-19 16:50:45,3572.0,3339.0,3992.0,26.1,56,42.34234234234234,0.0,98.06013579049466,20.865671641791046,30.0,30.0
2026-03-19 17:05:48,3576.0,3341.0,3999.0,26.1,56,44.14414414414414,0.0,99.75751697381183,20.88059701492537,30.0,30.0
2026-03-19 17:20:52,3574.0,3340.0,4003.0,26.2,56,43.24324324324324,0.0,100.0,20.8955223880597,30.0,30.0
2026-03-19 17:35:53,3578.0,3337.0,4005.0,26.3,55,45.04504504504504,0.0,100.0,20.91044776119403,30.0,30.0
2026-03-19 17:50:55,3575.0,3339.0,4004.0,26.3,55,43.69369369369369,0.0,100.0,20.925373134328357,30.0,30.0
2026-03-19 18:05:57,3565.0,3367.0,4005.0,26.4,55,39.189189189189186,0.0,100.0,20.940298507462686,30.0,30.0
2026-03-19 18:20:58,3574.0,3475.0,4005.0,26.4,55,43.24324324324324,0.0,100.0,20.955223880597014,30.0,30.0
2026-03-19 18:36:00,3575.0,3485.0,4004.0,26.4,55,43.69369369369369,0.0,100.0,20.970149253731343,30.0,30.0
2026-03-19 18:51:02,3571.0,3435.0,3997.0,26.4,55,41.891891891891895,0.0,99.2725509214355,20.98507462686567,30.0,30.0
2026-03-19 19:06:03,3566.0,3399.0,3999.0,26.5,55,39.63963963963964,0.0,99.75751697381183,21.0,30.0,30.0
2026-03-19 19:21:05,3567.0,3347.0,3997.0,26.5,55,40.090090090090094,0.0,99.2725509214355,21.01492537313433,30.0,30.0
2026-03-19 19:36:06,3546.0,3349.0,3999.0,26.5,55,30.630630630630627,0.0,99.75751697381183,21.029850746268657,30.0,30.0
2026-03-19 19:51:08,3560.0,3349.0,4003.0,26.5,55,36.93693693693694,0.0,100.0,21.044776119402986,30.0,30.0
2026-03-19 20:06:10,3562.0,3351.0,3999.0,26.6,55,37.83783783783784,0.0,99.75751697381183,21.059701492537314,30.0,30.0
2026-03-19 20:21:12,3556.0,3348.0,3999.0,26.6,55,35.13513513513514,0.0,99.75751697381183,21.074626865671643,30.0,30.0
2026-03-19 20:36:17,3544.0,3349.0,4004.0,26.6,54,29.72972972972973,0.0,100.0,21.089552238805968,30.0,30.0
2026-03-19 20:51:19,3555.0,3347.0,3999.0,26.6,54,34.68468468468468,0.0,99.75751697381183,21.104477611940297,30.0,30.0
2026-03-19 21:06:21,3561.0,3351.0,4003.0,26.6,54,37.38738738738739,0.0,100.0,21.119402985074625,30.0,30.0
2026-03-19 21:21:22,3575.0,3351.0,3993.0,26.6,54,43.69369369369369,0.0,98.30261881668282,21.134328358208954,30.0,30.0
2026-03-19 21:36:23,3588.0,3348.0,3997.0,26.6,54,49.549549549549546,0.0,99.2725509214355,21.149253731343283,30.0,30.0
2026-03-19 21:51:26,3642.0,3349.0,4005.0,26.6,54,73.87387387387388,0.0,100.0,21.16417910447761,30.0,30.0
2026-03-19 22:06:27,3606.0,3355.0,4007.0,26.7,54,57.65765765765766,0.0,100.0,21.17910447761194,30.0,30.0
2026-03-19 22:21:28,3593.0,3353.0,4004.0,26.7,54,51.80180180180181,0.0,100.0,21.19402985074627,30.0,30.0
2026-03-19 22:36:29,3592.0,3353.0,4009.0,26.7,54,51.35135135135135,0.0,100.0,21.208955223880597,30.0,30.0
2026-03-19 22:51:30,3588.0,3353.0,4011.0,26.7,54,49.549549549549546,0.0,100.0,21.223880597014926,30.0,30.0
2026-03-19 23:06:31,3577.0,3356.0,4011.0,26.7,54,44.5945945945946,0.0,100.0,21.238805970149254,30.0,30.0
2026-03-19 23:21:33,3577.0,3359.0,4013.0,26.7,54,44.5945945945946,0.0,100.0,21.253731343283583,30.0,30.0
2026-03-19 23:36:36,3575.0,3360.0,4013.0,26.7,54,43.69369369369369,0.0,100.0,21.26865671641791,30.0,30.0
2026-03-19 23:51:38,3574.0,3365.0,4013.0,26.7,54,43.24324324324324,0.0,100.0,21.283582089552237,30.0,30.0
2026-03-20 00:06:38,3561.0,3363.0,4012.0,26.7,54,37.38738738738739,0.0,100.0,21.298507462686565,30.0,30.0
2026-03-20 00:21:40,3567.0,3355.0,4011.0,26.7,54,40.090090090090094,0.0,100.0,21.313432835820894,30.0,30.0
2026-03-20 00:36:41,3557.0,3359.0,4013.0,26.6,54,35.585585585585584,0.0,100.0,21.328358208955223,30.0,30.0
2026-03-20 00:51:42,3560.0,3358.0,4011.0,26.6,54,36.93693693693694,0.0,100.0,21.34328358208955,30.0,30.0
2026-03-20 01:06:44,3559.0,3357.0,4012.0,26.7,54,36.486486486486484,0.0,100.0,21.35820895522388,30.0,30.0
2026-03-20 01:21:44,3567.0,3365.0,4011.0,26.6,54,40.090090090090094,0.0,100.0,21.37313432835821,30.0,30.0
2026-03-20 01:36:47,3578.0,3363.0,4007.0,26.6,53,45.04504504504504,0.0,100.0,21.388059701492537,30.0,30.0
2026-03-20 01:51:48,3575.0,3385.0,4011.0,26.5,53,43.69369369369369,0.0,100.0,21.402985074626866,30.0,30.0
2026-03-20 02:06:49,3571.0,3369.0,4012.0,26.4,53,41.891891891891895,0.0,100.0,21.417910447761194,30.0,30.0
2026-03-20 02:21:51,3577.0,3355.0,4007.0,26.4,52,44.5945945945946,0.0,100.0,21.432835820895523,30.0,30.0
2026-03-20 02:36:52,3573.0,3351.0,4005.0,26.4,52,42.792792792792795,0.0,100.0,21.44776119402985,30.0,30.0
2026-03-20 02:51:53,3577.0,3347.0,4003.0,26.4,52,44.5945945945946,0.0,100.0,21.46268656716418,30.0,30.0
2026-03-20 03:06:54,3588.0,3349.0,4004.0,26.4,53,49.549549549549546,0.0,100.0,21.477611940298505,30.0,30.0
2026-03-20 03:21:56,3572.0,3352.0,4005.0,26.5,53,42.34234234234234,0.0,100.0,21.492537313432834,30.0,30.0
2026-03-20 03:36:57,3574.0,3343.0,3999.0,26.5,53,43.24324324324324,0.0,99.75751697381183,21.507462686567163,30.0,30.0
2026-03-20 03:51:58,3571.0,3348.0,4008.0,26.5,53,41.891891891891895,0.0,100.0,21.52238805970149,30.0,30.0
2026-03-20 04:06:59,3562.0,3347.0,4009.0,26.5,53,37.83783783783784,0.0,100.0,21.53731343283582,30.0,30.0
2026-03-20 04:22:00,3555.0,3342.0,4007.0,26.5,53,34.68468468468468,0.0,100.0,21.55223880597015,30.0,30.0
2026-03-20 04:37:01,3561.0,3351.0,4005.0,26.5,53,37.38738738738739,0.0,100.0,21.567164179104477,30.0,30.0
2026-03-20 04:52:03,3555.0,3349.0,3999.0,26.5,53,34.68468468468468,0.0,99.75751697381183,21.582089552238806,30.0,30.0
2026-03-20 05:07:04,3555.0,3349.0,4003.0,26.5,53,34.68468468468468,0.0,100.0,21.597014925373134,30.0,30.0
2026-03-20 05:22:05,3557.0,3353.0,3997.0,26.5,53,35.585585585585584,0.0,99.2725509214355,21.611940298507463,30.0,30.0
2026-03-20 05:37:06,3557.0,3371.0,3995.0,26.5,54,35.585585585585584,0.0,98.78758486905916,21.62686567164179,30.0,30.0
2026-03-20 05:52:07,3557.0,3483.0,3997.0,26.5,54,35.585585585585584,0.0,99.2725509214355,21.64179104477612,30.0,30.0
2026-03-20 06:07:08,3563.0,3545.0,3999.0,26.4,54,38.288288288288285,10.061276932200055,99.75751697381183,21.65671641791045,30.0,30.0
2026-03-20 06:22:09,3564.0,3619.0,3999.0,26.4,54,38.73873873873874,24.688673650919167,99.75751697381183,21.671641791044777,30.0,30.0
2026-03-20 06:37:10,3580.0,3795.0,4000.0,26.4,54,45.94594594594595,59.47815773868355,100.0,21.686567164179102,30.0,30.0
2026-03-20 06:52:11,3603.0,3962.0,4000.0,26.4,54,56.30630630630631,92.48863411741452,100.0,21.70149253731343,30.0,30.0
2026-03-20 07:07:14,3614.0,4091.0,4004.0,26.3,54,61.261261261261254,100.0,100.0,21.71641791044776,30.0,30.0
2026-03-20 07:22:15,3631.0,4095.0,4007.0,26.3,55,68.91891891891892,100.0,100.0,21.73134328358209,30.0,30.0
2026-03-20 07:37:16,3652.0,4095.0,4005.0,26.3,55,78.37837837837837,100.0,100.0,21.746268656716417,30.0,30.0
2026-03-20 07:52:18,3643.0,4095.0,4006.0,26.2,55,74.32432432432432,100.0,100.0,21.761194029850746,30.0,30.0
2026-03-20 08:07:19,3640.0,4095.0,4005.0,26.2,54,72.97297297297297,100.0,100.0,21.776119402985074,30.0,30.0
2026-03-20 08:22:20,3632.0,4095.0,3999.0,26.1,54,69.36936936936937,100.0,99.75751697381183,21.791044776119403,30.0,30.0
2026-03-20 08:37:21,3616.0,4095.0,3997.0,26.0,54,62.16216216216216,100.0,99.2725509214355,21.80597014925373,30.0,30.0
2026-03-20 08:52:22,3642.0,4095.0,3999.0,25.9,54,73.87387387387388,100.0,99.75751697381183,21.82089552238806,30.0,30.0
2026-03-20 09:07:23,3643.0,4095.0,3995.0,25.8,54,74.32432432432432,100.0,98.78758486905916,21.83582089552239,30.0,30.0
2026-03-20 09:22:23,3639.0,4095.0,3999.0,25.8,54,72.52252252252252,100.0,99.75751697381183,21.850746268656717,30.0,30.0
2026-03-20 09:37:24,3639.0,4095.0,3995.0,25.8,54,72.52252252252252,100.0,98.78758486905916,21.865671641791046,30.0,30.0
2026-03-20 09:52:26,3630.0,3629.0,3991.0,25.8,54,68.46846846846847,26.66534888317851,97.8176527643065,21.88059701492537,30.0,30.0
2026-03-20 10:07:27,3626.0,3475.0,3991.0,25.8,54,66.66666666666666,0.0,97.8176527643065,21.8955223880597,30.0,30.0
2026-03-20 10:22:28,3639.0,3533.0,3991.0,25.7,54,72.52252252252252,7.689266653488848,97.8176527643065,21.91044776119403,30.0,30.0
2026-03-20 10:37:28,3628.0,3474.0,3989.0,25.6,54,67.56756756756756,0.0,97.33268671193017,21.925373134328357,30.0,30.0
2026-03-20 10:52:29,3632.0,3421.0,3991.0,25.6,54,69.36936936936937,0.0,97.8176527643065,21.940298507462686,30.0,30.0
2026-03-20 11:07:30,3631.0,3372.0,3990.0,25.5,54,68.91891891891892,0.0,97.57516973811833,21.955223880597014,30.0,30.0
2026-03-20 11:22:31,3636.0,3375.0,3995.0,25.4,54,71.17117117117117,0.0,98.78758486905916,21.970149253731343,30.0,30.0
2026-03-20 11:37:32,3635.0,3421.0,3993.0,25.4,54,70.72072072072072,0.0,98.30261881668282,21.98507462686567,30.0,30.0
2026-03-20 11:52:34,3638.0,3492.0,3993.0,25.4,53,72.07207207207207,0.0,98.30261881668282,22.0,30.0,30.0
2026-03-20 12:07:35,3644.0,3638.0,3997.0,25.3,53,74.77477477477478,28.44435659221191,99.2725509214355,22.01492537313433,30.0,30.0
2026-03-20 12:22:37,3646.0,4051.0,3999.0,25.3,53,75.67567567567568,100.0,99.75751697381183,22.029850746268657,30.0,30.0
2026-03-20 12:37:38,3641.0,4095.0,3999.0,25.3,53,73.42342342342343,100.0,99.75751697381183,22.044776119402986,30.0,30.0
2026-03-20 12:52:40,3572.0,4095.0,3999.0,25.3,53,42.34234234234234,100.0,99.75751697381183,22.059701492537314,30.0,30.0
2026-03-20 13:07:41,3564.0,4095.0,3999.0,25.3,52,38.73873873873874,100.0,99.75751697381183,22.074626865671643,30.0,30.0
2026-03-20 13:22:44,3558.0,4095.0,3999.0,25.3,52,36.03603603603604,100.0,99.75751697381183,22.089552238805968,30.0,30.0
2026-03-20 13:37:45,3559.0,4095.0,3997.0,25.3,52,36.486486486486484,100.0,99.2725509214355,22.104477611940297,30.0,30.0
2026-03-20 13:52:46,3559.0,4095.0,4000.0,25.3,52,36.486486486486484,100.0,100.0,22.119402985074625,30.0,30.0
2026-03-20 14:07:47,3557.0,4095.0,4003.0,25.3,52,35.585585585585584,100.0,100.0,22.134328358208954,30.0,30.0
2026-03-20 14:22:48,3563.0,4095.0,3999.0,25.4,51,38.288288288288285,100.0,99.75751697381183,22.149253731343283,30.0,30.0
2026-03-20 14:37:49,3559.0,4095.0,3991.0,25.4,51,36.486486486486484,100.0,97.8176527643065,22.16417910447761,30.0,30.0
2026-03-20 14:52:51,3631.0,4095.0,3991.0,25.4,51,68.91891891891892,100.0,97.8176527643065,22.17910447761194,30.0,30.0
2026-03-20 15:07:52,3604.0,4095.0,3992.0,25.4,51,56.75675675675676,100.0,98.06013579049466,22.19402985074627,30.0,30.0
2026-03-20 15:22:53,3547.0,4095.0,3995.0,25.4,51,31.08108108108108,100.0,98.78758486905916,22.208955223880597,30.0,30.0
2026-03-20 15:37:55,3601.0,4095.0,3994.0,25.4,51,55.4054054054054,100.0,98.54510184287099,22.223880597014926,30.0,30.0
2026-03-20 15:52:56,3636.0,4095.0,3993.0,25.4,51,71.17117117117117,100.0,98.30261881668282,22.238805970149254,30.0,30.0
2026-03-20 16:07:58,3628.0,4095.0,3993.0,25.5,50,67.56756756756756,100.0,98.30261881668282,22.253731343283583,30.0,30.0
2026-03-20 16:23:01,3553.0,4095.0,3993.0,25.5,50,33.78378378378378,100.0,98.30261881668282,22.26865671641791,30.0,30.0
2026-03-20 16:38:03,3549.0,4095.0,3993.0,25.5,50,31.98198198198198,100.0,98.30261881668282,22.283582089552237,30.0,30.0
2026-03-20 16:53:04,3548.0,4095.0,3991.0,25.6,50,31.53153153153153,100.0,97.8176527643065,22.298507462686565,30.0,30.0
2026-03-20 17:08:05,3543.0,4095.0,3993.0,25.6,50,29.27927927927928,100.0,98.30261881668282,22.313432835820894,30.0,30.0
2026-03-20 17:23:06,3542.0,4095.0,3995.0,25.6,49,28.82882882882883,100.0,98.78758486905916,22.328358208955223,30.0,30.0
2026-03-20 17:38:07,3659.0,4095.0,4003.0,25.6,49,81.53153153153153,100.0,100.0,22.34328358208955,30.0,30.0
2026-03-20 17:53:08,3641.0,4095.0,4009.0,25.7,49,73.42342342342343,100.0,100.0,22.35820895522388,30.0,30.0
2026-03-20 18:08:09,3636.0,4095.0,4007.0,25.7,49,71.17117117117117,100.0,100.0,22.37313432835821,30.0,30.0
2026-03-20 18:23:10,3557.0,4095.0,4003.0,25.7,49,35.585585585585584,100.0,100.0,22.388059701492537,30.0,30.0
2026-03-20 18:38:12,3568.0,4095.0,4005.0,25.7,49,40.54054054054054,100.0,100.0,22.402985074626866,30.0,30.0
2026-03-20 18:53:13,3564.0,4095.0,4003.0,25.7,49,38.73873873873874,100.0,100.0,22.417910447761194,30.0,30.0
2026-03-20 19:08:14,3572.0,4095.0,4005.0,25.7,49,42.34234234234234,100.0,100.0,22.432835820895523,30.0,30.0
2026-03-20 19:23:16,3568.0,4095.0,4007.0,25.7,49,40.54054054054054,100.0,100.0,22.44776119402985,30.0,30.0
2026-03-20 19:38:17,3564.0,4095.0,4007.0,25.7,49,38.73873873873874,100.0,100.0,22.46268656716418,30.0,30.0
2026-03-20 19:53:18,3563.0,4095.0,4009.0,25.7,49,38.288288288288285,100.0,100.0,22.477611940298505,30.0,30.0
2026-03-20 20:08:19,3554.0,4095.0,4009.0,25.7,49,34.234234234234236,100.0,100.0,22.492537313432834,30.0,30.0
2026-03-20 20:23:20,3549.0,4095.0,4009.0,25.7,49,31.98198198198198,100.0,100.0,22.507462686567163,30.0,30.0
2026-03-20 20:38:21,3554.0,4095.0,4005.0,25.7,49,34.234234234234236,100.0,100.0,22.52238805970149,30.0,30.0
2026-03-20 20:53:22,3540.0,4095.0,4000.0,25.7,49,27.927927927927925,100.0,100.0,22.53731343283582,30.0,30.0
2026-03-20 21:08:23,3541.0,4095.0,3999.0,25.7,48,28.37837837837838,100.0,99.75751697381183,22.55223880597015,30.0,30.0
2026-03-20 21:23:24,3539.0,4095.0,4004.0,25.7,48,27.47747747747748,100.0,100.0,22.567164179104477,30.0,30.0
2026-03-20 21:38:25,3526.0,4095.0,3997.0,25.7,48,21.62162162162162,100.0,99.2725509214355,22.582089552238806,30.0,30.0
2026-03-20 21:53:27,3539.0,4095.0,3997.0,25.7,48,27.47747747747748,100.0,99.2725509214355,22.597014925373134,30.0,30.0
2026-03-20 22:08:27,3593.0,4095.0,3995.0,25.7,48,51.80180180180181,100.0,98.78758486905916,22.611940298507463,30.0,30.0
2026-03-20 22:23:29,3595.0,4095.0,3996.0,25.7,48,52.702702702702695,100.0,99.03006789524733,22.62686567164179,30.0,30.0
2026-03-20 22:38:30,3548.0,4095.0,3999.0,25.7,48,31.53153153153153,100.0,99.75751697381183,22.64179104477612,30.0,30.0
2026-03-20 22:53:31,3539.0,4095.0,3995.0,25.8,48,27.47747747747748,100.0,98.78758486905916,22.65671641791045,30.0,30.0
2026-03-20 23:08:32,3548.0,4095.0,4003.0,25.8,49,31.53153153153153,100.0,100.0,22.671641791044777,30.0,30.0
2026-03-20 23:23:33,3543.0,4095.0,3999.0,25.9,49,29.27927927927928,100.0,99.75751697381183,22.686567164179102,30.0,30.0
2026-03-20 23:38:33,3548.0,4095.0,4004.0,25.9,49,31.53153153153153,100.0,100.0,22.70149253731343,30.0,30.0
2026-03-20 23:53:34,3544.0,4095.0,3998.0,26.0,49,29.72972972972973,100.0,99.51503394762366,22.71641791044776,30.0,30.0
2026-03-21 00:08:35,3555.0,4095.0,4005.0,26.0,50,34.68468468468468,100.0,100.0,22.73134328358209,30.0,30.0
2026-03-21 00:23:36,3558.0,4095.0,4004.0,26.1,50,36.03603603603604,100.0,100.0,22.746268656716417,30.0,30.0
2026-03-21 00:38:37,3550.0,4095.0,4003.0,26.1,50,32.432432432432435,100.0,100.0,22.761194029850746,30.0,30.0
2026-03-21 00:53:38,3550.0,4095.0,4007.0,26.1,50,32.432432432432435,100.0,100.0,22.776119402985074,30.0,30.0
2026-03-21 01:08:39,3548.0,4095.0,4003.0,26.1,50,31.53153153153153,100.0,100.0,22.791044776119403,30.0,30.0
2026-03-21 01:23:40,3547.0,4095.0,4003.0,26.1,51,31.08108108108108,100.0,100.0,22.80597014925373,30.0,30.0
2026-03-21 01:38:40,3542.0,4095.0,4005.0,26.1,51,28.82882882882883,100.0,100.0,22.82089552238806,30.0,30.0
2026-03-21 01:53:41,3547.0,4095.0,4003.0,26.1,51,31.08108108108108,100.0,100.0,22.83582089552239,30.0,30.0
2026-03-21 02:08:42,3561.0,4095.0,4008.0,26.1,51,37.38738738738739,100.0,100.0,22.850746268656717,30.0,30.0
2026-03-21 02:23:43,3563.0,4095.0,4010.0,26.1,51,38.288288288288285,100.0,100.0,22.865671641791046,30.0,30.0
2026-03-21 02:38:44,3554.0,4095.0,4008.0,26.1,52,34.234234234234236,100.0,100.0,22.88059701492537,30.0,30.0
2026-03-21 02:53:44,3623.0,4095.0,4009.0,26.1,52,65.31531531531532,100.0,100.0,22.8955223880597,30.0,30.0
2026-03-21 03:08:45,3602.0,4095.0,4008.0,26.1,52,55.85585585585585,100.0,100.0,22.91044776119403,30.0,30.0
2026-03-21 03:23:46,3539.0,4095.0,4007.0,26.0,52,27.47747747747748,100.0,100.0,22.925373134328357,30.0,30.0
2026-03-21 03:38:47,3559.0,4095.0,4009.0,26.0,52,36.486486486486484,100.0,100.0,22.940298507462686,30.0,30.0
2026-03-21 03:53:47,3565.0,4095.0,4010.0,26.0,53,39.189189189189186,100.0,100.0,22.955223880597014,30.0,30.0
2026-03-21 04:08:48,3596.0,4095.0,4009.0,26.0,53,53.153153153153156,100.0,100.0,22.970149253731343,30.0,30.0
2026-03-21 04:23:49,3612.0,4095.0,4007.0,26.0,53,60.36036036036037,100.0,100.0,22.98507462686567,30.0,30.0
2026-03-21 04:38:50,3623.0,4095.0,4009.0,25.9,53,65.31531531531532,100.0,100.0,23.0,30.0,30.0
2026-03-21 04:53:51,3627.0,4095.0,4007.0,25.9,53,67.11711711711712,100.0,100.0,23.01492537313433,30.0,30.0
2026-03-21 05:08:52,3623.0,4095.0,4008.0,25.9,53,65.31531531531532,100.0,100.0,23.029850746268657,30.0,30.0
2026-03-21 05:23:54,3608.0,4095.0,4011.0,25.8,53,58.55855855855856,100.0,100.0,23.044776119402986,30.0,30.0
2026-03-21 05:38:55,3620.0,4095.0,4009.0,25.8,53,63.96396396396396,100.0,100.0,23.059701492537314,30.0,30.0
2026-03-21 05:53:55,3603.0,4095.0,4008.0,25.8,53,56.30630630630631,100.0,100.0,23.074626865671643,30.0,30.0
2026-03-21 06:08:56,3575.0,4095.0,4006.0,25.8,53,43.69369369369369,100.0,100.0,23.089552238805968,30.0,30.0
2026-03-21 06:23:57,3548.0,4095.0,4008.0,25.7,53,31.53153153153153,100.0,100.0,23.104477611940297,30.0,30.0
2026-03-21 06:38:58,3544.0,4095.0,4003.0,25.7,53,29.72972972972973,100.0,100.0,23.119402985074625,30.0,30.0
2026-03-21 06:53:58,3539.0,4095.0,4006.0,25.7,53,27.47747747747748,100.0,100.0,23.134328358208954,30.0,30.0
2026-03-21 07:08:59,3543.0,4095.0,4004.0,25.7,53,29.27927927927928,100.0,100.0,23.149253731343283,30.0,30.0
2026-03-21 07:24:00,3534.0,4095.0,4005.0,25.6,53,25.225225225225223,100.0,100.0,23.16417910447761,30.0,30.0
2026-03-21 07:39:01,3545.0,4095.0,4003.0,25.6,53,30.180180180180184,100.0,100.0,23.17910447761194,30.0,30.0
2026-03-21 07:54:01,3601.0,4095.0,4005.0,25.6,53,55.4054054054054,100.0,100.0,23.19402985074627,30.0,30.0
2026-03-21 08:09:02,3607.0,4095.0,3997.0,25.5,53,58.108108108108105,100.0,99.2725509214355,23.208955223880597,30.0,30.0
2026-03-21 08:24:03,3609.0,4095.0,3999.0,25.5,53,59.009009009009006,100.0,99.75751697381183,23.223880597014926,30.0,30.0
2026-03-21 08:39:04,3607.0,4095.0,4000.0,25.5,53,58.108108108108105,100.0,100.0,23.238805970149254,30.0,30.0
2026-03-21 08:54:05,3607.0,4095.0,3999.0,25.5,53,58.108108108108105,100.0,99.75751697381183,23.253731343283583,30.0,30.0
2026-03-21 09:09:06,3588.0,4095.0,3999.0,25.4,53,49.549549549549546,100.0,99.75751697381183,23.26865671641791,30.0,30.0
2026-03-21 09:24:07,3621.0,4095.0,4003.0,25.4,54,64.41441441441441,100.0,100.0,23.283582089552237,30.0,30.0
2026-03-21 09:39:08,3619.0,4095.0,4003.0,25.4,54,63.51351351351351,100.0,100.0,23.298507462686565,30.0,30.0
2026-03-21 09:54:08,3588.0,4095.0,3999.0,25.4,54,49.549549549549546,100.0,99.75751697381183,23.313432835820894,30.0,30.0
2026-03-21 10:09:09,3593.0,4095.0,3999.0,25.3,54,51.80180180180181,100.0,99.75751697381183,23.328358208955223,30.0,30.0
2026-03-21 10:24:10,3598.0,4095.0,4004.0,25.3,54,54.054054054054056,100.0,100.0,23.34328358208955,30.0,30.0
2026-03-21 10:39:11,3604.0,4095.0,3998.0,25.3,54,56.75675675675676,100.0,99.51503394762366,23.35820895522388,30.0,30.0
2026-03-21 10:54:11,3568.0,4095.0,3999.0,25.3,54,40.54054054054054,100.0,99.75751697381183,23.37313432835821,30.0,30.0
2026-03-21 11:09:14,3590.0,4095.0,4003.0,25.3,54,50.45045045045045,100.0,100.0,23.388059701492537,30.0,30.0
2026-03-21 11:24:14,3610.0,4095.0,3999.0,25.3,54,59.45945945945946,100.0,99.75751697381183,23.402985074626866,30.0,30.0
2026-03-21 11:39:15,3620.0,4095.0,3999.0,25.2,54,63.96396396396396,100.0,99.75751697381183,23.417910447761194,30.0,30.0
2026-03-21 11:54:17,3628.0,4095.0,3999.0,25.2,54,67.56756756756756,100.0,99.75751697381183,23.432835820895523,30.0,30.0
2026-03-21 12:09:18,3636.0,4095.0,3995.0,25.2,54,71.17117117117117,100.0,98.78758486905916,23.44776119402985,30.0,30.0
2026-03-21 12:24:19,3629.0,4095.0,3997.0,25.2,53,68.01801801801803,100.0,99.2725509214355,23.46268656716418,30.0,30.0
2026-03-21 12:39:22,3623.0,4095.0,3999.0,25.2,53,65.31531531531532,100.0,99.75751697381183,23.477611940298505,30.0,30.0
2026-03-21 12:54:23,3621.0,4095.0,3995.0,25.2,53,64.41441441441441,100.0,98.78758486905916,23.492537313432834,30.0,30.0
2026-03-21 13:09:24,3625.0,4095.0,3990.0,25.3,54,66.21621621621621,100.0,97.57516973811833,23.507462686567163,30.0,30.0
2026-03-21 13:24:25,3630.0,4095.0,3995.0,25.3,54,68.46846846846847,100.0,98.78758486905916,23.52238805970149,30.0,30.0
2026-03-21 13:39:26,3628.0,4095.0,4013.0,25.3,54,67.56756756756756,100.0,100.0,23.53731343283582,30.0,30.0
2026-03-21 13:54:27,3637.0,4095.0,3997.0,25.3,54,71.62162162162163,100.0,99.2725509214355,23.55223880597015,30.0,30.0
2026-03-21 14:09:28,3641.0,4095.0,4005.0,25.3,54,73.42342342342343,100.0,100.0,23.567164179104477,30.0,30.0
2026-03-21 14:24:30,3642.0,4095.0,4005.0,25.3,54,73.87387387387388,100.0,100.0,23.582089552238806,30.0,30.0
2026-03-21 14:39:33,3639.0,4095.0,4004.0,25.3,54,72.52252252252252,100.0,100.0,23.597014925373134,30.0,30.0
2026-03-21 14:54:35,3641.0,4095.0,4005.0,25.3,54,73.42342342342343,100.0,100.0,23.611940298507463,30.0,30.0
2026-03-21 15:09:36,3637.0,4095.0,4005.0,25.3,54,71.62162162162163,100.0,100.0,23.62686567164179,30.0,30.0
2026-03-21 15:24:37,3639.0,4095.0,4009.0,25.3,54,72.52252252252252,100.0,100.0,23.64179104477612,30.0,30.0
2026-03-21 15:39:38,3628.0,4095.0,4005.0,25.3,54,67.56756756756756,100.0,100.0,23.65671641791045,30.0,30.0
2026-03-21 15:54:39,3631.0,4095.0,4005.0,25.3,54,68.91891891891892,100.0,100.0,23.671641791044777,30.0,30.0
2026-03-21 16:09:40,3635.0,4095.0,3997.0,25.3,54,70.72072072072072,100.0,99.2725509214355,23.686567164179102,30.0,30.0
2026-03-21 16:24:40,3631.0,4095.0,3991.0,25.3,54,68.91891891891892,100.0,97.8176527643065,23.70149253731343,30.0,30.0
2026-03-21 16:39:42,3624.0,4095.0,3995.0,25.3,53,65.76576576576578,100.0,98.78758486905916,23.71641791044776,30.0,30.0
2026-03-21 16:54:43,3630.0,4095.0,3995.0,25.3,53,68.46846846846847,100.0,98.78758486905916,23.73134328358209,30.0,30.0
2026-03-21 17:09:44,3625.0,4095.0,4003.0,25.4,53,66.21621621621621,100.0,100.0,23.746268656716417,30.0,30.0
2026-03-21 17:24:45,3621.0,4095.0,4011.0,25.5,53,64.41441441441441,100.0,100.0,23.761194029850746,30.0,30.0
2026-03-21 17:39:46,3640.0,4095.0,4009.0,25.5,53,72.97297297297297,100.0,100.0,23.776119402985074,30.0,30.0
2026-03-21 17:54:46,3644.0,4095.0,4005.0,25.6,53,74.77477477477478,100.0,100.0,23.791044776119403,30.0,30.0
2026-03-21 18:09:47,3652.0,4095.0,4005.0,25.6,53,78.37837837837837,100.0,100.0,23.80597014925373,30.0,30.0
2026-03-21 18:24:48,3660.0,4095.0,4011.0,25.6,52,81.98198198198197,100.0,100.0,23.82089552238806,30.0,30.0
2026-03-21 18:39:50,3669.0,4095.0,4009.0,25.7,52,86.03603603603604,100.0,100.0,23.83582089552239,30.0,30.0
2026-03-21 18:54:51,3640.0,4095.0,4008.0,25.7,52,72.97297297297297,100.0,100.0,23.850746268656717,30.0,30.0
2026-03-21 19:09:52,3635.0,4095.0,4007.0,25.7,52,70.72072072072072,100.0,100.0,23.865671641791046,30.0,30.0
2026-03-21 19:24:54,3654.0,4095.0,4003.0,25.7,52,79.27927927927928,100.0,100.0,23.88059701492537,30.0,30.0
2026-03-21 19:39:55,3642.0,4095.0,4003.0,25.7,52,73.87387387387388,100.0,100.0,23.8955223880597,30.0,30.0
2026-03-21 19:54:57,3636.0,4095.0,4003.0,25.7,52,71.17117117117117,100.0,100.0,23.91044776119403,30.0,30.0
2026-03-21 20:09:58,3630.0,4095.0,4004.0,25.7,52,68.46846846846847,100.0,100.0,23.925373134328357,30.0,30.0
2026-03-21 20:24:59,3631.0,4095.0,4000.0,25.8,52,68.91891891891892,100.0,100.0,23.940298507462686,30.0,30.0
2026-03-21 20:40:00,3630.0,4095.0,4005.0,25.8,52,68.46846846846847,100.0,100.0,23.955223880597014,30.0,30.0
2026-03-21 20:55:01,3632.0,4095.0,3999.0,25.8,52,69.36936936936937,100.0,99.75751697381183,23.970149253731343,30.0,30.0
2026-03-21 21:10:02,3636.0,4095.0,3999.0,25.8,52,71.17117117117117,100.0,99.75751697381183,23.98507462686567,30.0,30.0
2026-03-21 21:25:02,3628.0,4095.0,4000.0,25.8,51,67.56756756756756,100.0,100.0,24.0,30.0,30.0
2026-03-21 21:40:02,3626.0,4095.0,3999.0,25.8,51,66.66666666666666,100.0,99.75751697381183,24.01492537313433,30.0,30.0
2026-03-21 21:55:03,3631.0,4095.0,4007.0,25.8,51,68.91891891891892,100.0,100.0,24.029850746268657,30.0,30.0
2026-03-21 22:10:04,3637.0,4095.0,3999.0,25.9,51,71.62162162162163,100.0,99.75751697381183,24.044776119402986,30.0,30.0
2026-03-21 22:25:04,3619.0,4095.0,4005.0,25.9,51,63.51351351351351,100.0,100.0,24.059701492537314,30.0,30.0
2026-03-21 22:40:08,3593.0,4095.0,4003.0,25.9,51,51.80180180180181,100.0,100.0,24.07462686567164,30.0,30.0
2026-03-21 22:55:08,3565.0,4095.0,3999.0,25.9,51,39.189189189189186,100.0,99.75751697381183,24.089552238805968,30.0,30.0
2026-03-21 23:10:09,3562.0,4095.0,4003.0,25.9,51,37.83783783783784,100.0,100.0,24.104477611940297,30.0,30.0
2026-03-21 23:25:09,3572.0,4095.0,4013.0,25.9,51,42.34234234234234,100.0,100.0,24.119402985074625,30.0,30.0
2026-03-21 23:40:10,3575.0,4095.0,4007.0,25.9,51,43.69369369369369,100.0,100.0,24.134328358208954,30.0,30.0
2026-03-21 23:55:10,3609.0,4095.0,4007.0,25.9,51,59.009009009009006,100.0,100.0,24.149253731343283,30.0,30.0
2026-03-22 00:10:11,3623.0,4095.0,4005.0,25.9,51,65.31531531531532,100.0,100.0,24.16417910447761,30.0,30.0
2026-03-22 00:25:12,3636.0,4095.0,4010.0,25.9,51,71.17117117117117,100.0,100.0,24.17910447761194,30.0,30.0
2026-03-22 00:40:12,3638.0,4095.0,4008.0,25.9,51,72.07207207207207,100.0,100.0,24.19402985074627,30.0,30.0
2026-03-22 00:55:13,3644.0,4095.0,4007.0,25.9,51,74.77477477477478,100.0,100.0,24.208955223880597,30.0,30.0
2026-03-22 01:10:13,3646.0,4095.0,4009.0,25.9,51,75.67567567567568,100.0,100.0,24.223880597014926,30.0,30.0
2026-03-22 01:25:14,3655.0,4095.0,4009.0,25.9,51,79.72972972972973,100.0,100.0,24.238805970149254,30.0,30.0
2026-03-22 01:40:15,3673.0,4095.0,4007.0,25.9,51,87.83783783783784,100.0,100.0,24.253731343283583,30.0,30.0
2026-03-22 01:55:16,3675.0,4095.0,4009.0,25.9,51,88.73873873873875,100.0,100.0,24.26865671641791,30.0,30.0
2026-03-22 02:10:17,3678.0,4095.0,4008.0,25.9,51,90.09009009009009,100.0,100.0,24.283582089552237,30.0,30.0
2026-03-22 02:25:17,3658.0,4095.0,4010.0,26.0,51,81.08108108108108,100.0,100.0,24.298507462686565,30.0,30.0
2026-03-22 02:40:19,3631.0,4095.0,3992.3333333333335,26.0,51,68.91891891891892,100.0,98.14096346589076,24.313432835820894,30.0,30.0
2026-03-22 02:55:19,3604.0,4095.0,3974.6666666666665,26.0,51,56.75675675675676,100.0,93.85709666989975,24.328358208955223,30.0,30.0
2026-03-22 03:10:20,3577.0,4095.0,3957.0,26.0,51,44.5945945945946,100.0,89.57322987390883,24.34328358208955,30.0,30.0
2026-03-22 03:25:21,3575.0,4095.0,3959.0,26.0,51,43.69369369369369,100.0,90.05819592628517,24.35820895522388,30.0,30.0
2026-03-22 03:40:23,3578.0,4095.0,3963.0,26.1,51,45.04504504504504,100.0,91.02812803103782,24.37313432835821,30.0,30.0
2026-03-22 03:55:24,3579.0,4095.0,3965.0,26.1,51,45.4954954954955,100.0,91.51309408341416,24.388059701492537,30.0,30.0
2026-03-22 04:10:24,3588.0,4095.0,3979.0,26.1,51,49.549549549549546,100.0,94.9078564500485,24.402985074626866,30.0,30.0
2026-03-22 04:25:24,3593.0,4095.0,3975.0,26.1,52,51.80180180180181,100.0,93.93792434529583,24.417910447761194,30.0,30.0
2026-03-22 04:40:24,3597.0,4095.0,3973.0,26.0,53,53.6036036036036,100.0,93.45295829291949,24.432835820895523,30.0,30.0
2026-03-22 04:55:25,3576.0,4095.0,3965.0,25.9,53,44.14414414414414,100.0,91.51309408341416,24.44776119402985,30.0,30.0
2026-03-22 05:10:25,3589.0,4095.0,3967.0,25.9,53,50.0,100.0,91.9980601357905,24.46268656716418,30.0,30.0
2026-03-22 05:25:25,3592.0,4095.0,3965.0,25.8,53,51.35135135135135,100.0,91.51309408341416,24.477611940298505,30.0,30.0
2026-03-22 05:40:26,3588.0,4095.0,3966.0,25.8,53,49.549549549549546,100.0,91.75557710960233,24.492537313432834,30.0,30.0
2026-03-22 05:55:27,3591.0,4095.0,3967.0,25.8,54,50.9009009009009,100.0,91.9980601357905,24.507462686567163,30.0,30.0
2026-03-22 06:10:27,3573.0,4095.0,3967.0,25.7,54,42.792792792792795,100.0,91.9980601357905,24.52238805970149,30.0,30.0
2026-03-22 06:25:28,3579.0,4095.0,3978.0,25.7,54,45.4954954954955,100.0,94.66537342386033,24.53731343283582,30.0,30.0
2026-03-22 06:40:30,3590.0,4095.0,3981.0,25.6,54,50.45045045045045,100.0,95.39282250242483,24.55223880597015,30.0,30.0
2026-03-22 06:55:30,3594.0,4095.0,3981.0,25.6,54,52.25225225225225,100.0,95.39282250242483,24.567164179104477,30.0,30.0
2026-03-22 07:10:32,3578.0,4095.0,3981.0,25.6,54,45.04504504504504,100.0,95.39282250242483,24.582089552238806,30.0,30.0
2026-03-22 07:25:33,3578.0,4095.0,3983.0,25.5,54,45.04504504504504,100.0,95.87778855480117,24.597014925373134,30.0,30.0
2026-03-22 07:40:33,3590.0,4095.0,3988.0,25.5,54,50.45045045045045,100.0,97.090203685742,24.611940298507463,30.0,30.0
2026-03-22 07:55:33,3579.0,4095.0,3979.0,25.5,54,45.4954954954955,100.0,94.9078564500485,24.62686567164179,30.0,30.0
2026-03-22 08:10:34,3578.0,4095.0,3979.0,25.5,54,45.04504504504504,100.0,94.9078564500485,24.64179104477612,30.0,30.0
2026-03-22 08:25:34,3591.0,4095.0,3979.0,25.4,54,50.9009009009009,100.0,94.9078564500485,24.65671641791045,30.0,30.0
2026-03-22 08:40:34,3592.0,4095.0,3961.0,25.4,54,51.35135135135135,100.0,90.54316197866149,24.671641791044777,30.0,30.0
2026-03-22 08:55:35,3580.0,4095.0,3960.0,25.4,54,45.94594594594595,100.0,90.30067895247333,24.686567164179102,30.0,30.0
2026-03-22 09:10:36,3595.0,4095.0,3955.0,25.3,54,52.702702702702695,100.0,89.0882638215325,24.70149253731343,30.0,30.0
2026-03-22 09:25:37,3594.0,4095.0,3947.0,25.3,54,52.25225225225225,100.0,87.14839961202716,24.71641791044776,30.0,30.0
2026-03-22 09:40:37,3596.0,4095.0,3946.0,25.3,54,53.153153153153156,100.0,86.905916585839,24.73134328358209,30.0,30.0
2026-03-22 09:55:37,3593.0,4095.0,3949.0,25.3,54,51.80180180180181,100.0,87.6333656644035,24.746268656716417,30.0,30.0
2026-03-22 10:10:39,3576.0,4095.0,3947.0,25.3,54,44.14414414414414,100.0,87.14839961202716,24.761194029850746,30.0,30.0
2026-03-22 10:25:40,3580.0,4095.0,3947.0,25.3,54,45.94594594594595,100.0,87.14839961202716,24.776119402985074,30.0,30.0
2026-03-22 10:40:40,3591.0,4095.0,3943.0,25.3,54,50.9009009009009,100.0,86.17846750727449,24.791044776119403,30.0,30.0
2026-03-22 10:55:40,3581.0,4095.0,3947.0,25.3,54,46.3963963963964,100.0,87.14839961202716,24.80597014925373,30.0,30.0
2026-03-22 11:10:41,3593.0,4095.0,3949.0,25.3,54,51.80180180180181,100.0,87.6333656644035,24.82089552238806,30.0,30.0
2026-03-22 11:25:42,3596.0,4095.0,3945.0,25.3,54,53.153153153153156,100.0,86.66343355965083,24.83582089552239,30.0,30.0
2026-03-22 11:40:42,3609.0,4095.0,3963.0,25.3,54,59.009009009009006,100.0,91.02812803103782,24.850746268656717,30.0,30.0
2026-03-22 11:55:46,3601.0,4095.0,3963.0,25.3,54,55.4054054054054,100.0,91.02812803103782,24.865671641791046,30.0,30.0
2026-03-22 12:10:47,3593.0,4095.0,3965.0,25.3,54,51.80180180180181,100.0,91.51309408341416,24.88059701492537,30.0,30.0
2026-03-22 12:25:48,3595.0,4095.0,3977.0,25.2,54,52.702702702702695,100.0,94.42289039767216,24.8955223880597,30.0,30.0
2026-03-22 12:40:48,3599.0,4095.0,3975.0,25.1,54,54.5045045045045,100.0,93.93792434529583,24.91044776119403,30.0,30.0
2026-03-22 12:55:48,3573.0,4095.0,3973.0,25.1,53,42.792792792792795,100.0,93.45295829291949,24.925373134328357,30.0,30.0
2026-03-22 13:10:49,3575.0,4095.0,3967.0,25.1,53,43.69369369369369,100.0,91.9980601357905,24.940298507462686,30.0,30.0
2026-03-22 13:25:50,3589.0,4095.0,3965.0,25.1,53,50.0,100.0,91.51309408341416,24.955223880597014,30.0,30.0
2026-03-22 13:40:50,3580.0,4095.0,3975.0,25.1,53,45.94594594594595,100.0,93.93792434529583,24.970149253731343,30.0,30.0
2026-03-22 13:55:51,3580.0,4095.0,3976.0,25.1,53,45.94594594594595,100.0,94.180407371484,24.98507462686567,30.0,30.0
2026-03-22 14:10:52,3577.0,4095.0,3961.0,25.1,53,44.5945945945946,100.0,90.54316197866149,25.0,30.0,30.0
2026-03-22 14:25:53,3571.0,4095.0,3959.0,25.1,53,41.891891891891895,100.0,90.05819592628517,25.01492537313433,30.0,30.0
2026-03-22 14:40:54,3574.0,4095.0,3959.0,25.1,53,43.24324324324324,100.0,90.05819592628517,25.029850746268657,30.0,30.0
2026-03-22 14:55:56,3567.0,4095.0,3953.0,25.1,53,40.090090090090094,100.0,88.60329776915617,25.044776119402986,30.0,30.0
2026-03-22 15:10:57,3576.0,4095.0,3959.0,25.0,52,44.14414414414414,100.0,90.05819592628517,25.059701492537314,30.0,30.0
2026-03-22 15:25:58,3567.0,4095.0,3957.0,25.0,52,40.090090090090094,100.0,89.57322987390883,25.07462686567164,30.0,30.0
2026-03-22 15:40:59,3568.0,4095.0,3951.0,25.0,52,40.54054054054054,100.0,88.11833171677984,25.089552238805968,30.0,30.0
2026-03-22 15:56:00,3560.0,4095.0,3955.0,25.0,51,36.93693693693694,100.0,89.0882638215325,25.104477611940297,30.0,30.0
2026-03-22 16:11:01,3579.0,4095.0,3956.0,25.0,51,45.4954954954955,100.0,89.33074684772066,25.119402985074625,30.0,30.0
2026-03-22 16:26:02,3567.0,4095.0,3955.0,25.1,51,40.090090090090094,100.0,89.0882638215325,25.134328358208954,30.0,30.0
2026-03-22 16:41:05,3572.0,4095.0,3959.0,25.1,51,42.34234234234234,100.0,90.05819592628517,25.149253731343283,30.0,30.0
2026-03-22 16:56:06,3591.0,4095.0,3963.0,25.1,51,50.9009009009009,100.0,91.02812803103782,25.16417910447761,30.0,30.0
2026-03-22 17:11:07,3604.0,4095.0,3961.0,25.2,51,56.75675675675676,100.0,90.54316197866149,25.17910447761194,30.0,30.0
2026-03-22 17:26:08,3597.0,4095.0,3959.0,25.2,51,53.6036036036036,100.0,90.05819592628517,25.19402985074627,30.0,30.0
2026-03-22 17:41:09,3603.0,4095.0,3961.0,25.2,51,56.30630630630631,100.0,90.54316197866149,25.208955223880597,30.0,30.0
2026-03-22 17:56:10,3608.0,4095.0,3959.0,25.2,51,58.55855855855856,100.0,90.05819592628517,25.223880597014926,30.0,30.0
2026-03-22 18:11:10,3632.0,4095.0,3951.0,25.2,51,69.36936936936937,100.0,88.11833171677984,25.238805970149254,30.0,30.0
2026-03-22 18:26:12,3643.0,4095.0,3959.0,25.1,50,74.32432432432432,100.0,90.05819592628517,25.253731343283583,30.0,30.0
2026-03-22 18:41:13,3644.0,4095.0,3963.0,25.1,50,74.77477477477478,100.0,91.02812803103782,25.26865671641791,30.0,30.0
2026-03-22 18:56:16,3640.0,4095.0,3961.0,25.1,50,72.97297297297297,100.0,90.54316197866149,25.283582089552237,30.0,30.0
2026-03-22 19:11:18,3631.0,4095.0,3963.0,25.1,50,68.91891891891892,100.0,91.02812803103782,25.298507462686565,30.0,30.0
2026-03-22 19:26:19,3610.0,4095.0,3963.0,25.1,50,59.45945945945946,100.0,91.02812803103782,25.313432835820894,30.0,30.0
2026-03-22 19:41:20,3589.0,4095.0,3973.0,25.1,50,50.0,100.0,93.45295829291949,25.328358208955223,30.0,30.0
2026-03-22 19:56:21,3578.0,4095.0,3977.0,25.1,50,45.04504504504504,100.0,94.42289039767216,25.34328358208955,30.0,30.0
2026-03-22 20:11:24,3575.0,4095.0,3978.0,25.1,50,43.69369369369369,100.0,94.66537342386033,25.35820895522388,30.0,30.0
2026-03-22 20:26:25,3603.0,4095.0,3977.0,25.2,50,56.30630630630631,100.0,94.42289039767216,25.37313432835821,30.0,30.0
2026-03-22 20:41:26,3572.0,4095.0,3977.0,25.2,49,42.34234234234234,100.0,94.42289039767216,25.388059701492537,30.0,30.0
2026-03-22 20:56:27,3576.0,4095.0,3976.0,25.2,49,44.14414414414414,100.0,94.180407371484,25.402985074626866,30.0,30.0
2026-03-22 21:11:28,3563.0,4095.0,3978.0,25.2,49,38.288288288288285,100.0,94.66537342386033,25.417910447761194,30.0,30.0
2026-03-22 21:26:29,3568.0,4095.0,3977.0,25.2,49,40.54054054054054,100.0,94.42289039767216,25.432835820895523,30.0,30.0
2026-03-22 21:41:29,3559.0,4095.0,3974.0,25.2,49,36.486486486486484,100.0,93.69544131910766,25.44776119402985,30.0,30.0
2026-03-22 21:56:30,3559.0,4095.0,3968.0,25.2,49,36.486486486486484,100.0,92.24054316197866,25.46268656716418,30.0,30.0
2026-03-22 22:11:31,3562.0,4095.0,3967.0,25.2,49,37.83783783783784,100.0,91.9980601357905,25.477611940298505,30.0,30.0
2026-03-22 22:26:32,3562.0,4095.0,3964.0,25.2,49,37.83783783783784,100.0,91.27061105722599,25.492537313432834,30.0,30.0
2026-03-22 22:41:33,3560.0,4095.0,3966.0,25.2,49,36.93693693693694,100.0,91.75557710960233,25.507462686567163,30.0,30.0
2026-03-22 22:56:34,3558.0,4095.0,3967.0,25.2,49,36.03603603603604,100.0,91.9980601357905,25.52238805970149,30.0,30.0
2026-03-22 23:11:38,3562.0,4095.0,3979.0,25.2,49,37.83783783783784,100.0,94.9078564500485,25.53731343283582,30.0,30.0
2026-03-22 23:26:39,3560.0,4095.0,3965.0,25.2,49,36.93693693693694,100.0,91.51309408341416,25.55223880597015,30.0,30.0
2026-03-22 23:41:41,3557.0,4095.0,3975.0,25.2,49,35.585585585585584,100.0,93.93792434529583,25.567164179104477,30.0,30.0
2026-03-22 23:56:42,3566.0,4095.0,3959.0,25.1,49,39.63963963963964,100.0,90.05819592628517,25.582089552238806,30.0,30.0
